<?xml version='1.0' encoding='UTF-8'?>
<EventXFilePool xmlns="http://obecon.net/schema/EventXFilepool-1.0">
<Veranstaltung VId="951339">
	<asset><mime>image/jpeg</mime><width>227</width><height>340</height><filesize>29006</filesize><uuid>716f9149-5875-4c9a-9e59-898b9a6a390b</uuid><slot>webcontainer</slot><location>http://tip.fpr1.obecon.net/1/6/c/16ccd928-c23e-4d3c-aefe-2fde7300bd38/bild.jpg</location><copyright>artdeshauses / Foto: Vincent Chmiel</copyright><caption>Der Tod tr?gt Petticoat! - Dinner-Krimi nach artdeshauses</caption></asset><asset><mime>image/jpeg</mime><width>110</width><height>72</height><filesize>4806</filesize><uuid>716f9149-5875-4c9a-9e59-898b9a6a390b</uuid><slot>webpreview</slot><location>http://tip.fpr1.obecon.net/5/0/3/50377a6f-1848-4e83-af48-ba026a60f2ac/thumb.jpg</location><copyright>artdeshauses / Foto: Vincent Chmiel</copyright><caption>Der Tod tr?gt Petticoat! - Dinner-Krimi nach artdeshauses</caption></asset>
	<asset><mime>image/jpeg</mime><width>110</width><height>72</height><filesize>3697</filesize><uuid>bdcb4ecc-9a6c-499f-80ac-26664a6cad9d</uuid><slot>webpreview</slot><location>http://tip.fpr1.obecon.net/c/2/b/c2bb9dc0-7114-4372-9c59-d28a4734a969/thumb.jpg</location><copyright>artdeshauses / Foto: Vincent Chmiel</copyright><caption>Der Tod tr?gt Petticoat! - Dinner-Krimi nach artdeshauses</caption></asset><asset><mime>image/jpeg</mime><width>456</width><height>304</height><filesize>42026</filesize><uuid>bdcb4ecc-9a6c-499f-80ac-26664a6cad9d</uuid><slot>webcontainer</slot><location>http://tip.fpr1.obecon.net/3/6/7/367127f9-241c-4d43-b473-281c50399d05/bild.jpg</location><copyright>artdeshauses / Foto: Vincent Chmiel</copyright><caption>Der Tod tr?gt Petticoat! - Dinner-Krimi nach artdeshauses</caption></asset>
	<asset><mime>image/jpeg</mime><width>227</width><height>340</height><filesize>26219</filesize><uuid>ddeb3cbf-8946-437d-8ec6-1622d5310a8c</uuid><slot>webcontainer</slot><location>http://tip.fpr1.obecon.net/7/d/2/7d200c1e-4d8b-4ecb-a8a3-c2ef74ffccd7/bild.jpg</location><copyright>artdeshauses / Foto: Vincent Chmiel</copyright><caption>Der Tod tr?gt Petticoat! - Dinner-Krimi nach artdeshauses</caption></asset><asset><mime>image/jpeg</mime><width>110</width><height>72</height><filesize>4714</filesize><uuid>ddeb3cbf-8946-437d-8ec6-1622d5310a8c</uuid><slot>webpreview</slot><location>http://tip.fpr1.obecon.net/6/3/c/63cbc885-f966-40d6-984c-fcea8ab2059b/thumb.jpg</location><copyright>artdeshauses / Foto: Vincent Chmiel</copyright><caption>Der Tod tr?gt Petticoat! - Dinner-Krimi nach artdeshauses</caption></asset>
	<asset><mime>image/jpeg</mime><width>110</width><height>72</height><filesize>2662</filesize><uuid>1e193884-32d6-4330-b3dd-878f0634d7f0</uuid><slot>pdfpreview</slot><location>http://tip.fpr1.obecon.net/d/6/5/d65304af-0e01-40df-8658-95a97b3c5ef8/preview.jpg</location><caption>Presseinfo "Der Tod tr?gt Petticoat! - Dinner-krimi nach artdeshauses</caption></asset><asset><mime>application/pdf</mime><width>1</width><height>1</height><filesize>48029</filesize><uuid>1e193884-32d6-4330-b3dd-878f0634d7f0</uuid><slot>pdf</slot><location>http://tip.fpr1.obecon.net/9/3/9/939ebede-e861-4c8c-8db6-e5a7375b2230/download.pdf</location><caption>Presseinfo "Der Tod tr?gt Petticoat! - Dinner-krimi nach artdeshauses</caption></asset>
</Veranstaltung>
<Veranstaltung VId="951345">
	<asset><mime>image/jpeg</mime><width>110</width><height>72</height><filesize>4608</filesize><uuid>636bf8aa-afcc-4c14-b998-221c6e2b5c35</uuid><slot>webpreview</slot><location>http://tip.fpr1.obecon.net/a/0/c/a0c4e824-f8b1-436c-b7b0-a6f4a0145365/thumb.jpg</location></asset><asset><mime>image/jpeg</mime><width>453</width><height>340</height><filesize>46182</filesize><uuid>636bf8aa-afcc-4c14-b998-221c6e2b5c35</uuid><slot>webcontainer</slot><location>http://tip.fpr1.obecon.net/3/8/b/38bf29e2-6356-4e06-8fc0-9628a33804aa/bild.jpg</location></asset>
</Veranstaltung>
<Veranstaltung VId="951385">
	<asset><mime>image/jpeg</mime><width>223</width><height>340</height><filesize>8338</filesize><uuid>e2000c05-4165-468e-a39d-f3f29f412870</uuid><slot>webcontainer</slot><location>http://tip.fpr1.obecon.net/4/9/d/49dcd8b6-90fd-4a5d-a92b-b6f923bdc02d/bild.jpg</location><copyright>Promo</copyright><caption>F?rdemord</caption></asset><asset><mime>image/jpeg</mime><width>110</width><height>72</height><filesize>1151</filesize><uuid>e2000c05-4165-468e-a39d-f3f29f412870</uuid><slot>webpreview</slot><location>http://tip.fpr1.obecon.net/d/0/d/d0d54b9b-4778-4736-ad94-5c6675fff777/thumb.jpg</location><copyright>Promo</copyright><caption>F?rdemord</caption></asset>
</Veranstaltung>
</EventXFilePool>
