<?xml version="1.0" encoding="iso-8859-1"?>
<tbo:veranstaltungsdaten xsi:schemaLocation="http://www.tip-berlin.de/xml/tip_berlinonline tip_berlinonline.xsd" xmlns:kalender="de.content.eventx.media.extensions.KalenderExtension" xmlns:xsi="http://www.w3.org/2001/XMLSchema-instance" xmlns:tip="http://www.tip-berlin.de/xml/base" xmlns:tbo="http://www.tip-berlin.de/xml/tip_berlinonline" datenstand="2012-08-07T00:30:31">
    <tbo:liste_veranstaltungen>
        <tbo:veranstaltung key="v_931159" xsi:type="tbo:ausstellung_f�hrung">
            <tip:name>Die Heroisierung und Verdammung des Feldherrn</tip:name>
            <tbo:aktDat>2012-08-20 00:00</tbo:aktDat>
            <tbo:erfDat>2012-02-15 17:17</tbo:erfDat>
            <tbo:ortstermine/>
        </tbo:veranstaltung>
    </tbo:liste_veranstaltungen>
</tbo:veranstaltungsdaten>
