<?xml version='1.0' encoding='UTF-8'?>
<EventXFilePool xmlns="http://obecon.net/schema/EventXFilepool-1.0">
<Veranstaltung VId="944250">
	<asset><mime>image/jpeg</mime><width>256</width><height>340</height><filesize>14300</filesize><uuid>467a709d-77cb-460f-8756-5b28f6657b95</uuid><slot>webcontainer</slot><location>http://tip.fpr1.obecon.net/9/0/c/90c2813a-52ba-4b01-8ceb-0955a015a747/bild.jpg</location><copyright>Marisa Maza</copyright><caption>Spanische Kuenstler Berlin_Foto COPYRIGHT Marisa Maza 2008</caption></asset><asset><mime>image/jpeg</mime><width>110</width><height>72</height><filesize>1938</filesize><uuid>467a709d-77cb-460f-8756-5b28f6657b95</uuid><slot>webpreview</slot><location>http://tip.fpr1.obecon.net/6/d/0/6d0c6d1d-b93b-48cc-87de-08bbb4439d40/thumb.jpg</location><copyright>Marisa Maza</copyright><caption>Spanische Kuenstler Berlin_Foto COPYRIGHT Marisa Maza 2008</caption></asset>
	<asset><mime>application/pdf</mime><width>1</width><height>1</height><filesize>291180</filesize><uuid>07687c42-cfc5-4f07-8148-a90316a400a3</uuid><slot>pdf</slot><location>http://tip.fpr1.obecon.net/7/6/3/7630a9ad-ce39-48c3-ae55-07b1d8a26857/download.pdf</location><caption>Spanische Kuenstler in Berlin - Eroeffnung 29</caption></asset><asset><mime>image/jpeg</mime><width>110</width><height>72</height><filesize>2562</filesize><uuid>07687c42-cfc5-4f07-8148-a90316a400a3</uuid><slot>pdfpreview</slot><location>http://tip.fpr1.obecon.net/4/8/c/48c2123f-ac65-4383-bf34-93710d78726c/preview.jpg</location><caption>Spanische Kuenstler in Berlin - Eroeffnung 29</caption></asset>
</Veranstaltung>
<Veranstaltung VId="945308">
	<asset><mime>image/jpeg</mime><width>110</width><height>72</height><filesize>2750</filesize><uuid>2971a099-0694-4cec-a846-646c22229e89</uuid><slot>pdfpreview</slot><location>http://tip.fpr1.obecon.net/b/5/8/b58e7ea0-20dd-48ce-ae85-66c71cedf567/preview.jpg</location><caption>de mi barrio a tu barrio - Pressetext</caption></asset><asset><mime>application/pdf</mime><width>1</width><height>1</height><filesize>353541</filesize><uuid>2971a099-0694-4cec-a846-646c22229e89</uuid><slot>pdf</slot><location>http://tip.fpr1.obecon.net/7/6/3/76379ddf-457c-4bab-bc38-7c279079ce32/download.pdf</location><caption>de mi barrio a tu barrio - Pressetext</caption></asset>
	<asset><mime>image/jpeg</mime><width>110</width><height>72</height><filesize>15309</filesize><uuid>e5e4f709-5c68-46ec-a075-e1b9f2cf1c05</uuid><slot>webpreview</slot><location>http://tip.fpr1.obecon.net/9/3/7/937e30e5-bf6b-4ffa-8064-6259d40088fe/thumb.jpg</location><copyright>Helen von Ravenstein</copyright><caption>de mi barrio a tu barrio 14, Helen von Ravenstein</caption></asset><asset><mime>image/jpeg</mime><width>454</width><height>340</height><filesize>242569</filesize><uuid>e5e4f709-5c68-46ec-a075-e1b9f2cf1c05</uuid><slot>webcontainer</slot><location>http://tip.fpr1.obecon.net/6/d/d/6dd33b32-15f0-41f2-afc5-a42858c4fe74/bild.jpg</location><copyright>Helen von Ravenstein</copyright><caption>de mi barrio a tu barrio 14, Helen von Ravenstein</caption></asset>
	<asset><mime>image/jpeg</mime><width>456</width><height>256</height><filesize>168405</filesize><uuid>c3acb96f-7692-4eb0-bf2c-6b3a3f195e17</uuid><slot>webcontainer</slot><location>http://tip.fpr1.obecon.net/0/5/6/056b5bb8-102a-497b-9603-84d18e4eeea1/bild.jpg</location><copyright>Steffen Leidel</copyright><caption>guate23_Goethe-Institut Mexiko_ Steffen Leidel</caption></asset><asset><mime>image/jpeg</mime><width>110</width><height>72</height><filesize>15729</filesize><uuid>c3acb96f-7692-4eb0-bf2c-6b3a3f195e17</uuid><slot>webpreview</slot><location>http://tip.fpr1.obecon.net/0/d/d/0dd57461-0ffd-4838-805e-5afa9bc0db0d/thumb.jpg</location><copyright>Steffen Leidel</copyright><caption>guate23_Goethe-Institut Mexiko_ Steffen Leidel</caption></asset>
	<asset><mime>image/jpeg</mime><width>110</width><height>72</height><filesize>14779</filesize><uuid>afef7de0-302b-406e-b426-34146f46c6eb</uuid><slot>webpreview</slot><location>http://tip.fpr1.obecon.net/0/0/d/00d98172-b8d3-4b07-a509-35d83fabd375/thumb.jpg</location><copyright>Bild von Kerron Riley</copyright><caption>DSC_7715_Goethe Institut Mexiko_Kerron Riley</caption></asset><asset><mime>image/jpeg</mime><width>456</width><height>304</height><filesize>213060</filesize><uuid>afef7de0-302b-406e-b426-34146f46c6eb</uuid><slot>webcontainer</slot><location>http://tip.fpr1.obecon.net/f/8/d/f8ddd3d8-748b-45a1-b5a5-88306e38eb28/bild.jpg</location><copyright>Bild von Kerron Riley</copyright><caption>DSC_7715_Goethe Institut Mexiko_Kerron Riley</caption></asset>
</Veranstaltung>
<Veranstaltung VId="948756">
	<asset><mime>image/jpeg</mime><width>110</width><height>72</height><filesize>2384</filesize><uuid>3312c2d1-c7c9-4c13-ab89-3020ae1b106f</uuid><slot>webpreview</slot><location>http://tip.fpr1.obecon.net/d/d/5/dd5c6a51-12a0-4e9c-a43e-ec44d5e98f5a/thumb.jpg</location><copyright>Hani Chalid</copyright><caption>IMG_9184 fu?+hand</caption></asset><asset><mime>image/jpeg</mime><width>227</width><height>340</height><filesize>18210</filesize><uuid>3312c2d1-c7c9-4c13-ab89-3020ae1b106f</uuid><slot>webcontainer</slot><location>http://tip.fpr1.obecon.net/7/b/f/7bfbbad5-d4f7-42ce-8c51-3b0b49d5d01c/bild.jpg</location><copyright>Hani Chalid</copyright><caption>IMG_9184 fu?+hand</caption></asset>
	<asset><mime>image/jpeg</mime><width>456</width><height>135</height><filesize>17045</filesize><uuid>0748c4a5-aa98-4d29-9166-75e523b6e669</uuid><slot>webcontainer</slot><location>http://tip.fpr1.obecon.net/a/d/4/ad445459-0d00-4d69-bad8-29a8e86eb026/bild.jpg</location><copyright>Hani Chalid</copyright><caption>schmidt_augen_klein</caption></asset><asset><mime>image/jpeg</mime><width>110</width><height>72</height><filesize>2396</filesize><uuid>0748c4a5-aa98-4d29-9166-75e523b6e669</uuid><slot>webpreview</slot><location>http://tip.fpr1.obecon.net/5/1/9/519eb32c-9575-4008-a65b-604d36cd501d/thumb.jpg</location><copyright>Hani Chalid</copyright><caption>schmidt_augen_klein</caption></asset>
	<asset><mime>image/jpeg</mime><width>255</width><height>340</height><filesize>31258</filesize><uuid>9c2a9363-7ef0-4965-b808-8ce5a46854d4</uuid><slot>webcontainer</slot><location>http://tip.fpr1.obecon.net/6/0/0/600d7fec-9aca-4c83-9110-7d8da9361462/bild.jpg</location><copyright>Hani Chalid</copyright><caption>mann_goerli_lala</caption></asset><asset><mime>image/jpeg</mime><width>110</width><height>72</height><filesize>3684</filesize><uuid>9c2a9363-7ef0-4965-b808-8ce5a46854d4</uuid><slot>webpreview</slot><location>http://tip.fpr1.obecon.net/d/5/5/d55e18f6-7932-4e86-b01f-b69f280d7fab/thumb.jpg</location><copyright>Hani Chalid</copyright><caption>mann_goerli_lala</caption></asset>
	<asset><mime>image/jpeg</mime><width>456</width><height>318</height><filesize>27518</filesize><uuid>14a427fb-86b3-4ac4-a632-e8baabdae3f1</uuid><slot>webcontainer</slot><location>http://tip.fpr1.obecon.net/4/4/1/44184f84-2b2c-48c5-88ea-b8ee351f0a8c/bild.jpg</location><copyright>Hani Chalid</copyright><caption>IMG_0022 lanttner hand close PM</caption></asset><asset><mime>image/jpeg</mime><width>110</width><height>72</height><filesize>3388</filesize><uuid>14a427fb-86b3-4ac4-a632-e8baabdae3f1</uuid><slot>webpreview</slot><location>http://tip.fpr1.obecon.net/8/0/7/80791526-dd64-4dd9-af6a-fc997f7a20b6/thumb.jpg</location><copyright>Hani Chalid</copyright><caption>IMG_0022 lanttner hand close PM</caption></asset>
</Veranstaltung>
<Veranstaltung VId="948932">
	<asset><mime>image/jpeg</mime><width>110</width><height>72</height><filesize>2374</filesize><uuid>336ee1a4-b56f-4c85-be7a-dff005a4744b</uuid><slot>pdfpreview</slot><location>http://tip.fpr1.obecon.net/1/7/e/17e6b014-0789-4013-b4ac-25eabc9a2205/preview.jpg</location><caption>PI_StephanieKlossKleineOrangerie2012</caption></asset><asset><mime>application/pdf</mime><width>1</width><height>1</height><filesize>137361</filesize><uuid>336ee1a4-b56f-4c85-be7a-dff005a4744b</uuid><slot>pdf</slot><location>http://tip.fpr1.obecon.net/5/b/2/5b287d27-0234-4c34-b6ad-5ab6f1604608/download.pdf</location><caption>PI_StephanieKlossKleineOrangerie2012</caption></asset>
	<asset><mime>application/pdf</mime><width>1</width><height>1</height><filesize>320661</filesize><uuid>b4d7d548-878f-4c58-98a0-aab66cdc0ba2</uuid><slot>pdf</slot><location>http://tip.fpr1.obecon.net/a/a/f/aaf5da61-53df-4eef-8002-d306c1f331e8/download.pdf</location><caption>PressebildlisteKloss</caption></asset><asset><mime>image/jpeg</mime><width>110</width><height>72</height><filesize>2145</filesize><uuid>b4d7d548-878f-4c58-98a0-aab66cdc0ba2</uuid><slot>pdfpreview</slot><location>http://tip.fpr1.obecon.net/0/5/4/05403c70-9198-4a5a-8d74-9c3eae45936d/preview.jpg</location><caption>PressebildlisteKloss</caption></asset>
</Veranstaltung>
<Veranstaltung VId="949827">
	<asset><mime>image/jpeg</mime><width>456</width><height>293</height><filesize>30528</filesize><uuid>1f72d9d9-b9b5-4253-80da-6938371abe1e</uuid><slot>webcontainer</slot><location>http://tip.fpr1.obecon.net/a/1/a/a1aa8bbc-3f26-44a6-ae7e-1e5561292006/bild.jpg</location><copyright>Diana Stoffels</copyright><caption>Frosch</caption></asset><asset><mime>image/jpeg</mime><width>110</width><height>72</height><filesize>3098</filesize><uuid>1f72d9d9-b9b5-4253-80da-6938371abe1e</uuid><slot>webpreview</slot><location>http://tip.fpr1.obecon.net/c/1/e/c1e935dd-21e8-42cf-90ee-c4dc5a88e3ef/thumb.jpg</location><copyright>Diana Stoffels</copyright><caption>Frosch</caption></asset>
</Veranstaltung>
<Veranstaltung VId="949846">
	<asset><mime>application/pdf</mime><width>1</width><height>1</height><filesize>62193</filesize><uuid>e7ea2017-b3b4-4a67-a134-0d3028252c19</uuid><slot>pdf</slot><location>http://tip.fpr1.obecon.net/e/5/2/e523e06f-a9d3-4a06-946c-22ee92d7a92c/download.pdf</location><caption>Czerny Mail-Einladung</caption></asset><asset><mime>image/jpeg</mime><width>110</width><height>72</height><filesize>2022</filesize><uuid>e7ea2017-b3b4-4a67-a134-0d3028252c19</uuid><slot>pdfpreview</slot><location>http://tip.fpr1.obecon.net/c/d/2/cd235423-046e-442c-84dd-c345a251af63/preview.jpg</location><caption>Czerny Mail-Einladung</caption></asset>
</Veranstaltung>
<Veranstaltung VId="949887">
	<asset><mime>image/jpeg</mime><width>110</width><height>72</height><filesize>1765</filesize><uuid>7afdae99-8965-4017-9e23-72602db6d98e</uuid><slot>webpreview</slot><location>http://tip.fpr1.obecon.net/8/5/b/85bd5c1a-1984-4a3a-ae96-9dbec59468cf/thumb.jpg</location><copyright>Promo</copyright><caption>Graffity 2011 37 x 39 cm Massimo Micheluzzi</caption></asset><asset><mime>image/jpeg</mime><width>456</width><height>305</height><filesize>12648</filesize><uuid>7afdae99-8965-4017-9e23-72602db6d98e</uuid><slot>webcontainer</slot><location>http://tip.fpr1.obecon.net/1/8/c/18c62448-1ff6-4024-b18e-5be7244a89a9/bild.jpg</location><copyright>Promo</copyright><caption>Graffity 2011 37 x 39 cm Massimo Micheluzzi</caption></asset>
	<asset><mime>image/jpeg</mime><width>235</width><height>340</height><filesize>17277</filesize><uuid>8bb8d6ba-fde6-413a-b7a2-72208606d9d1</uuid><slot>webcontainer</slot><location>http://tip.fpr1.obecon.net/a/a/1/aa1182bb-ff70-4746-9f2f-21a546c0dfb0/bild.jpg</location><copyright>Promo</copyright><caption>Tempesto  2011 Ritsue Mishima</caption></asset><asset><mime>image/jpeg</mime><width>110</width><height>72</height><filesize>2350</filesize><uuid>8bb8d6ba-fde6-413a-b7a2-72208606d9d1</uuid><slot>webpreview</slot><location>http://tip.fpr1.obecon.net/9/2/a/92a69ca6-86b0-420a-9af2-89d98be64f45/thumb.jpg</location><copyright>Promo</copyright><caption>Tempesto  2011 Ritsue Mishima</caption></asset>
	<asset><mime>image/jpeg</mime><width>110</width><height>72</height><filesize>2468</filesize><uuid>f5b302d4-8cf2-48ff-a215-4a31b93918d8</uuid><slot>pdfpreview</slot><location>http://tip.fpr1.obecon.net/1/2/c/12c1c5ba-af27-4426-85b0-1f021463ea3a/preview.jpg</location><caption>PM Mock Room  Brutto Gusto2</caption></asset><asset><mime>application/pdf</mime><width>1</width><height>1</height><filesize>710165</filesize><uuid>f5b302d4-8cf2-48ff-a215-4a31b93918d8</uuid><slot>pdf</slot><location>http://tip.fpr1.obecon.net/5/1/a/51ad6458-2129-4e1c-b9ab-08117d082c36/download.pdf</location><caption>PM Mock Room  Brutto Gusto2</caption></asset>
</Veranstaltung>
<Veranstaltung VId="949923">
	<asset><mime>image/jpeg</mime><width>456</width><height>285</height><filesize>21347</filesize><uuid>06c8b248-f247-457e-b9af-7e17983478cf</uuid><slot>webcontainer</slot><location>http://tip.fpr1.obecon.net/1/d/d/1dde2684-591a-4133-8571-5f651aca4fad/bild.jpg</location><copyright>Koreanisches Kulturzentrum</copyright><caption>2012-08-10_Ausstellung_LeeBeiKyung_Bild1</caption></asset><asset><mime>image/jpeg</mime><width>110</width><height>72</height><filesize>2798</filesize><uuid>06c8b248-f247-457e-b9af-7e17983478cf</uuid><slot>webpreview</slot><location>http://tip.fpr1.obecon.net/e/c/8/ec8a706b-2644-4d0b-b956-00d4787afad7/thumb.jpg</location><copyright>Koreanisches Kulturzentrum</copyright><caption>2012-08-10_Ausstellung_LeeBeiKyung_Bild1</caption></asset>
	<asset><mime>image/jpeg</mime><width>456</width><height>285</height><filesize>25647</filesize><uuid>519cb299-5166-4058-9003-4adcfe8ed57a</uuid><slot>webcontainer</slot><location>http://tip.fpr1.obecon.net/8/9/2/892335a4-520c-4c18-9afd-a8d34d784f0e/bild.jpg</location><copyright>Koreanisches Kulturzentrum</copyright><caption>2012-08-10_Ausstellung_LeeBeiKyung_Bild2</caption></asset><asset><mime>image/jpeg</mime><width>110</width><height>72</height><filesize>2833</filesize><uuid>519cb299-5166-4058-9003-4adcfe8ed57a</uuid><slot>webpreview</slot><location>http://tip.fpr1.obecon.net/8/6/7/86724d3f-c9f8-4abb-b410-d2add5f1f413/thumb.jpg</location><copyright>Koreanisches Kulturzentrum</copyright><caption>2012-08-10_Ausstellung_LeeBeiKyung_Bild2</caption></asset>
	<asset><mime>image/jpeg</mime><width>110</width><height>72</height><filesize>2171</filesize><uuid>18639444-845d-4ef2-9f21-918d858de1ea</uuid><slot>pdfpreview</slot><location>http://tip.fpr1.obecon.net/d/9/2/d9283820-3a07-47d1-a36b-0eeeee756678/preview.jpg</location><caption>2012-08-10_Ausstellung_LeeBeiKyung_Pressemitteilung</caption></asset><asset><mime>application/pdf</mime><width>1</width><height>1</height><filesize>650322</filesize><uuid>18639444-845d-4ef2-9f21-918d858de1ea</uuid><slot>pdf</slot><location>http://tip.fpr1.obecon.net/8/8/a/88a33668-e498-42a0-a36f-6b0baa8906b3/download.pdf</location><caption>2012-08-10_Ausstellung_LeeBeiKyung_Pressemitteilung</caption></asset>
</Veranstaltung>
<Veranstaltung VId="949954">
	<asset><mime>image/jpeg</mime><width>110</width><height>72</height><filesize>2741</filesize><uuid>85706aa5-67b4-43a6-b62a-6bbafb5b5cbf</uuid><slot>pdfpreview</slot><location>http://tip.fpr1.obecon.net/9/1/1/911a7c3b-7b88-4fca-ba35-ffbab87e7048/preview.jpg</location><caption>Flyer-Things-that-Stink</caption></asset><asset><mime>application/pdf</mime><width>1</width><height>1</height><filesize>2736942</filesize><uuid>85706aa5-67b4-43a6-b62a-6bbafb5b5cbf</uuid><slot>pdf</slot><location>http://tip.fpr1.obecon.net/8/1/f/81fc8683-303d-47e3-acd7-f4197784c3d9/download.pdf</location><caption>Flyer-Things-that-Stink</caption></asset>
	<asset><mime>image/jpeg</mime><width>110</width><height>72</height><filesize>2125</filesize><uuid>e7d4124f-eb69-47a9-b917-7197837e4cc2</uuid><slot>pdfpreview</slot><location>http://tip.fpr1.obecon.net/c/1/9/c199a556-f1ac-4295-ac01-5b2ab8beec06/preview.jpg</location><caption>Things-That-Stink-Pressemitteilung-07-2012</caption></asset><asset><mime>application/pdf</mime><width>1</width><height>1</height><filesize>5847568</filesize><uuid>e7d4124f-eb69-47a9-b917-7197837e4cc2</uuid><slot>pdf</slot><location>http://tip.fpr1.obecon.net/a/d/d/adda8894-a210-42b7-8839-985dea0bbf18/download.pdf</location><caption>Things-That-Stink-Pressemitteilung-07-2012</caption></asset>
</Veranstaltung>
</EventXFilePool>
