<?xml version='1.0' encoding='UTF-8'?>
<EventXFilePool xmlns="http://obecon.net/schema/EventXFilepool-1.0">
<Veranstaltung VId="943753">
	<asset><mime>application/pdf</mime><width>1</width><height>1</height><filesize>42024</filesize><uuid>5d970b4a-5f4f-42df-bbf2-ad48a2650e79</uuid><slot>pdf</slot><location>http://tip.fpr1.obecon.net/c/0/9/c0923f60-2803-4594-8e53-03f43affdb2a/download.pdf</location><caption>Veranstaltungshinweise 7. Liebenberger Musiksommer 2012</caption></asset><asset><mime>image/jpeg</mime><width>110</width><height>72</height><filesize>3040</filesize><uuid>5d970b4a-5f4f-42df-bbf2-ad48a2650e79</uuid><slot>pdfpreview</slot><location>http://tip.fpr1.obecon.net/f/e/1/fe1b56c5-bbd3-404e-b0a6-eb27cdf97c7c/preview.jpg</location><caption>Veranstaltungshinweise 7. Liebenberger Musiksommer 2012</caption></asset>
</Veranstaltung>
<Veranstaltung VId="944175">
	<asset><mime>image/jpeg</mime><width>453</width><height>340</height><filesize>55250</filesize><uuid>fc3a5881-6587-41c8-a116-2f7b24debda8</uuid><slot>webcontainer</slot><location>http://tip.fpr1.obecon.net/a/c/2/ac2697e7-703e-4024-a962-5a709f07b659/bild.jpg</location><copyright>Promo</copyright><caption>Die Entf?hrung aus dem Serail</caption></asset><asset><mime>image/jpeg</mime><width>110</width><height>72</height><filesize>4504</filesize><uuid>fc3a5881-6587-41c8-a116-2f7b24debda8</uuid><slot>webpreview</slot><location>http://tip.fpr1.obecon.net/9/9/b/99b17561-ba2c-41fd-b75b-4a16c3b3d289/thumb.jpg</location><copyright>Promo</copyright><caption>Die Entf?hrung aus dem Serail</caption></asset>
	<asset><mime>image/jpeg</mime><width>453</width><height>340</height><filesize>77460</filesize><uuid>ab6fb0a2-ed0e-464c-a627-854c2e2555bf</uuid><slot>webcontainer</slot><location>http://tip.fpr1.obecon.net/c/2/7/c2747de5-9916-492f-84a6-f0a6626c21fb/bild.jpg</location><copyright>Promo</copyright><caption>Die Entf?hrung aus dem Serail</caption></asset><asset><mime>image/jpeg</mime><width>110</width><height>72</height><filesize>4524</filesize><uuid>ab6fb0a2-ed0e-464c-a627-854c2e2555bf</uuid><slot>webpreview</slot><location>http://tip.fpr1.obecon.net/b/c/8/bc82cdfb-c772-472e-9828-9c6c78261943/thumb.jpg</location><copyright>Promo</copyright><caption>Die Entf?hrung aus dem Serail</caption></asset>
	<asset><mime>application/pdf</mime><width>1</width><height>1</height><filesize>50930</filesize><uuid>d466969c-7fa1-4228-b0bd-06d1d78a020e</uuid><slot>pdf</slot><location>http://tip.fpr1.obecon.net/8/1/f/81fad04b-c891-4de6-9bd2-ed20ea6be610/download.pdf</location><caption>Pressetext "Die Entf?hrung aus dem Serail"</caption></asset><asset><mime>image/jpeg</mime><width>110</width><height>72</height><filesize>1671</filesize><uuid>d466969c-7fa1-4228-b0bd-06d1d78a020e</uuid><slot>pdfpreview</slot><location>http://tip.fpr1.obecon.net/8/3/3/833abd8b-e2fd-4347-8600-5b7565e89dc0/preview.jpg</location><caption>Pressetext "Die Entf?hrung aus dem Serail"</caption></asset>
</Veranstaltung>
<Veranstaltung VId="948361">
	<asset><mime>image/jpeg</mime><width>227</width><height>340</height><filesize>17869</filesize><uuid>08a9ec6c-4c60-42ed-964d-9541a3855189</uuid><slot>webcontainer</slot><location>http://tip.fpr1.obecon.net/e/3/f/e3f08e55-08e1-47bd-8151-d72a03d730f1/bild.jpg</location><copyright>Promo</copyright><caption>HUMAN LOOPS 2</caption></asset><asset><mime>image/jpeg</mime><width>110</width><height>72</height><filesize>3235</filesize><uuid>08a9ec6c-4c60-42ed-964d-9541a3855189</uuid><slot>webpreview</slot><location>http://tip.fpr1.obecon.net/4/4/a/44a88372-b8dc-4eb6-95e8-b7bd78575904/thumb.jpg</location><copyright>Promo</copyright><caption>HUMAN LOOPS 2</caption></asset>
	<asset><mime>image/jpeg</mime><width>110</width><height>72</height><filesize>3571</filesize><uuid>eb8f2daf-8d8e-4df2-a2d0-049947b698ee</uuid><slot>webpreview</slot><location>http://tip.fpr1.obecon.net/3/0/0/30097355-1fea-4302-ab50-47752b9fb46a/thumb.jpg</location><copyright>Promo</copyright><caption>HUMAN LOOPS 3</caption></asset><asset><mime>image/jpeg</mime><width>232</width><height>340</height><filesize>19100</filesize><uuid>eb8f2daf-8d8e-4df2-a2d0-049947b698ee</uuid><slot>webcontainer</slot><location>http://tip.fpr1.obecon.net/5/3/f/53fecb7f-d3a0-4cb7-aa7e-c4d5320b9544/bild.jpg</location><copyright>Promo</copyright><caption>HUMAN LOOPS 3</caption></asset>
	<asset><mime>image/jpeg</mime><width>456</width><height>304</height><filesize>31944</filesize><uuid>0b15424e-f9f6-43c5-8a74-21cdad2a1480</uuid><slot>webcontainer</slot><location>http://tip.fpr1.obecon.net/b/c/0/bc0616d0-7d0a-47ed-8969-77f30dd95569/bild.jpg</location><copyright>Promo</copyright><caption>HUMAN LOOPS 4</caption></asset><asset><mime>image/jpeg</mime><width>110</width><height>72</height><filesize>3332</filesize><uuid>0b15424e-f9f6-43c5-8a74-21cdad2a1480</uuid><slot>webpreview</slot><location>http://tip.fpr1.obecon.net/c/3/e/c3eef7de-fc22-4e4c-b2dd-bc8584e36552/thumb.jpg</location><copyright>Promo</copyright><caption>HUMAN LOOPS 4</caption></asset>
	<asset><mime>application/pdf</mime><width>1</width><height>1</height><filesize>93242</filesize><uuid>ae55ac60-bea1-41a3-84ac-83fe53b0a9d4</uuid><slot>pdf</slot><location>http://tip.fpr1.obecon.net/7/d/0/7d08b3c9-39aa-4df7-a85d-6f5e966152c3/download.pdf</location><caption>HUMAN LOOPS</caption></asset><asset><mime>image/jpeg</mime><width>110</width><height>72</height><filesize>2465</filesize><uuid>ae55ac60-bea1-41a3-84ac-83fe53b0a9d4</uuid><slot>pdfpreview</slot><location>http://tip.fpr1.obecon.net/4/2/7/4273cf81-1723-4d45-b7d6-f7b47626f8a0/preview.jpg</location><caption>HUMAN LOOPS</caption></asset>
</Veranstaltung>
<Veranstaltung VId="949716">
	<asset><mime>application/pdf</mime><width>1</width><height>1</height><filesize>46759</filesize><uuid>3385a18a-c345-4cdd-aed9-a52722946e77</uuid><slot>pdf</slot><location>http://tip.fpr1.obecon.net/8/d/8/8d8d5ce6-6fa8-4207-868f-990226f63c9a/download.pdf</location><caption>Presseinformation_Ein_Mordsgericht_mit_Schwanengesang</caption></asset><asset><mime>image/jpeg</mime><width>110</width><height>72</height><filesize>2682</filesize><uuid>3385a18a-c345-4cdd-aed9-a52722946e77</uuid><slot>pdfpreview</slot><location>http://tip.fpr1.obecon.net/e/9/3/e9349488-35e1-4f13-8354-0c5f2605a76a/preview.jpg</location><caption>Presseinformation_Ein_Mordsgericht_mit_Schwanengesang</caption></asset>
	<asset><mime>image/jpeg</mime><width>110</width><height>72</height><filesize>5123</filesize><uuid>fa76f72d-6f21-40f5-a9ca-c80dbf22540a</uuid><slot>webpreview</slot><location>http://tip.fpr1.obecon.net/b/b/b/bbbca9da-b126-45bf-a666-b56b9b4f47f5/thumb.jpg</location><copyright>artdeshauses/ Foto: Vincent Chmiel</copyright><caption>Pressebild1_Ein_Mordsgericht_mit_Schwanengesang_FotoVincentChmiel</caption></asset><asset><mime>image/jpeg</mime><width>240</width><height>340</height><filesize>42830</filesize><uuid>fa76f72d-6f21-40f5-a9ca-c80dbf22540a</uuid><slot>webcontainer</slot><location>http://tip.fpr1.obecon.net/6/c/2/6c22cc84-d6db-437f-8563-a41517aeb0d8/bild.jpg</location><copyright>artdeshauses/ Foto: Vincent Chmiel</copyright><caption>Pressebild1_Ein_Mordsgericht_mit_Schwanengesang_FotoVincentChmiel</caption></asset>
	<asset><mime>image/jpeg</mime><width>110</width><height>72</height><filesize>5081</filesize><uuid>3daf8894-f548-4710-8265-d3b5eb8d5e7a</uuid><slot>webpreview</slot><location>http://tip.fpr1.obecon.net/6/b/e/6be22357-3bc3-40bd-95a2-c5f983eeb09f/thumb.jpg</location><copyright>artdeshauses/ Foto: Vincent Chmiel</copyright><caption>Pressebild2_Ein_Mordsgericht_mit_Schwanengesang_FotoVincentChmiel</caption></asset><asset><mime>image/jpeg</mime><width>422</width><height>340</height><filesize>47518</filesize><uuid>3daf8894-f548-4710-8265-d3b5eb8d5e7a</uuid><slot>webcontainer</slot><location>http://tip.fpr1.obecon.net/3/1/1/31119817-735d-47ae-aba6-69e1f91816ab/bild.jpg</location><copyright>artdeshauses/ Foto: Vincent Chmiel</copyright><caption>Pressebild2_Ein_Mordsgericht_mit_Schwanengesang_FotoVincentChmiel</caption></asset>
</Veranstaltung>
<Veranstaltung VId="949722">
	<asset><mime>image/jpeg</mime><width>110</width><height>72</height><filesize>3995</filesize><uuid>733b670e-fb7c-475a-a493-865defc4dc86</uuid><slot>webpreview</slot><location>http://tip.fpr1.obecon.net/4/4/5/445b8f1b-81dc-4904-abca-1f58af097e7f/thumb.jpg</location><copyright>Kulturring in Berlin e.V.</copyright><caption>Die Stadtmaus und die Feldmaus</caption></asset><asset><mime>image/jpeg</mime><width>453</width><height>340</height><filesize>43048</filesize><uuid>733b670e-fb7c-475a-a493-865defc4dc86</uuid><slot>webcontainer</slot><location>http://tip.fpr1.obecon.net/a/0/7/a079aa2f-9a14-465d-9c64-01bfd168cd92/bild.jpg</location><copyright>Kulturring in Berlin e.V.</copyright><caption>Die Stadtmaus und die Feldmaus</caption></asset>
</Veranstaltung>
<Veranstaltung VId="949729">
	<asset><mime>image/jpeg</mime><width>110</width><height>72</height><filesize>3276</filesize><uuid>80f3ee6e-ddb0-4bfe-a692-55e272026170</uuid><slot>webpreview</slot><location>http://tip.fpr1.obecon.net/2/0/a/20a074bc-cfd3-4717-a209-48425cc7f1d0/thumb.jpg</location><copyright>Kulturring in Berlin e.V.</copyright><caption>P?nktchens Zirkusshow</caption></asset><asset><mime>image/jpeg</mime><width>456</width><height>182</height><filesize>20866</filesize><uuid>80f3ee6e-ddb0-4bfe-a692-55e272026170</uuid><slot>webcontainer</slot><location>http://tip.fpr1.obecon.net/6/6/e/66e6d253-588d-4078-9be5-0b218b99b917/bild.jpg</location><copyright>Kulturring in Berlin e.V.</copyright><caption>P?nktchens Zirkusshow</caption></asset>
</Veranstaltung>
<Veranstaltung VId="949755">
	<asset><mime>image/jpeg</mime><width>110</width><height>72</height><filesize>4042</filesize><uuid>5a301ebf-1eb8-43fa-bfc2-250601d80b74</uuid><slot>webpreview</slot><location>http://tip.fpr1.obecon.net/3/9/2/3922f647-49f1-439d-ae66-ef1ea61f19c3/thumb.jpg</location><copyright>Andreas Friese</copyright><caption>Stars in Concert (Milton Jordan, Matt Byrne, Rachel Hiew, Chris &amp; Goeff Dahl)</caption></asset><asset><mime>image/jpeg</mime><width>456</width><height>304</height><filesize>41130</filesize><uuid>5a301ebf-1eb8-43fa-bfc2-250601d80b74</uuid><slot>webcontainer</slot><location>http://tip.fpr1.obecon.net/0/f/c/0fc189b2-5488-4b44-8a20-206108534834/bild.jpg</location><copyright>Andreas Friese</copyright><caption>Stars in Concert (Milton Jordan, Matt Byrne, Rachel Hiew, Chris &amp; Goeff Dahl)</caption></asset>
</Veranstaltung>
<Veranstaltung VId="949792">
	<asset><mime>image/jpeg</mime><width>456</width><height>304</height><filesize>28333</filesize><uuid>472c1eea-cb7c-4007-956f-f0dfa4911b85</uuid><slot>webcontainer</slot><location>http://tip.fpr1.obecon.net/8/8/2/8828b8d2-087e-4f08-9a59-29e24053192b/bild.jpg</location><copyright>puppen etc</copyright><caption>puppen-etc-GLUECK_2</caption></asset><asset><mime>image/jpeg</mime><width>110</width><height>72</height><filesize>2782</filesize><uuid>472c1eea-cb7c-4007-956f-f0dfa4911b85</uuid><slot>webpreview</slot><location>http://tip.fpr1.obecon.net/e/7/8/e78e6c03-f520-4153-9b90-42fc813070ac/thumb.jpg</location><copyright>puppen etc</copyright><caption>puppen-etc-GLUECK_2</caption></asset>
	<asset><mime>image/jpeg</mime><width>456</width><height>304</height><filesize>29668</filesize><uuid>1e9dae6b-d9f3-45ec-8d75-e66b944aa69a</uuid><slot>webcontainer</slot><location>http://tip.fpr1.obecon.net/9/9/1/9913de5a-da97-45d3-be42-1c572f01f269/bild.jpg</location><copyright>puppen etc</copyright><caption>puppen-etc-GLUECK_3</caption></asset><asset><mime>image/jpeg</mime><width>110</width><height>72</height><filesize>2994</filesize><uuid>1e9dae6b-d9f3-45ec-8d75-e66b944aa69a</uuid><slot>webpreview</slot><location>http://tip.fpr1.obecon.net/b/b/9/bb9bb99f-326a-460d-a30b-2d2c1f11bc4a/thumb.jpg</location><copyright>puppen etc</copyright><caption>puppen-etc-GLUECK_3</caption></asset>
	<asset><mime>image/jpeg</mime><width>227</width><height>340</height><filesize>18239</filesize><uuid>2d925ec2-d310-4abd-b683-d1e44edfc0df</uuid><slot>webcontainer</slot><location>http://tip.fpr1.obecon.net/a/9/7/a970cffa-7d1c-491f-947f-7c164972d048/bild.jpg</location><copyright>puppen etc</copyright><caption>puppen-etc-GLUECK_4</caption></asset><asset><mime>image/jpeg</mime><width>110</width><height>72</height><filesize>2934</filesize><uuid>2d925ec2-d310-4abd-b683-d1e44edfc0df</uuid><slot>webpreview</slot><location>http://tip.fpr1.obecon.net/5/c/4/5c48f2fd-f5e6-4d39-8b3e-f963a45f98d5/thumb.jpg</location><copyright>puppen etc</copyright><caption>puppen-etc-GLUECK_4</caption></asset>
</Veranstaltung>
</EventXFilePool>
