<?xml version='1.0' encoding='UTF-8'?>
<EventXFilePool xmlns="http://obecon.net/schema/EventXFilepool-1.0">
<Veranstaltung VId="921645">
	<asset><mime>image/jpeg</mime><width>339</width><height>340</height><filesize>45554</filesize><uuid>8d8f55ed-b3b5-4ee7-ba4c-903c9821784a</uuid><slot>webcontainer</slot><location>http://tip.fpr1.obecon.net/9/b/6/9b6b8960-643a-4724-915c-108fbb3708a4/bild.jpg</location><copyright>Foto: Reiher und Seidel &amp; Olympiastadion Berlin GmbH</copyright><caption>Olympiastadion Ostkurve</caption></asset><asset><mime>image/jpeg</mime><width>110</width><height>72</height><filesize>4048</filesize><uuid>8d8f55ed-b3b5-4ee7-ba4c-903c9821784a</uuid><slot>webpreview</slot><location>http://tip.fpr1.obecon.net/2/9/8/29835ac8-eb54-4419-a17f-fe72f1deacf1/thumb.jpg</location><copyright>Foto: Reiher und Seidel &amp; Olympiastadion Berlin GmbH</copyright><caption>Olympiastadion Ostkurve</caption></asset>
</Veranstaltung>
<Veranstaltung VId="921725">
	<asset><mime>image/jpeg</mime><width>339</width><height>340</height><filesize>45554</filesize><uuid>8d8f55ed-b3b5-4ee7-ba4c-903c9821784a</uuid><slot>webcontainer</slot><location>http://tip.fpr1.obecon.net/9/b/6/9b6b8960-643a-4724-915c-108fbb3708a4/bild.jpg</location><copyright>Foto: Reiher und Seidel &amp; Olympiastadion Berlin GmbH</copyright><caption>Olympiastadion Ostkurve</caption></asset><asset><mime>image/jpeg</mime><width>110</width><height>72</height><filesize>4048</filesize><uuid>8d8f55ed-b3b5-4ee7-ba4c-903c9821784a</uuid><slot>webpreview</slot><location>http://tip.fpr1.obecon.net/2/9/8/29835ac8-eb54-4419-a17f-fe72f1deacf1/thumb.jpg</location><copyright>Foto: Reiher und Seidel &amp; Olympiastadion Berlin GmbH</copyright><caption>Olympiastadion Ostkurve</caption></asset>
</Veranstaltung>
<Veranstaltung VId="921752">
	<asset><mime>image/jpeg</mime><width>339</width><height>340</height><filesize>45554</filesize><uuid>8d8f55ed-b3b5-4ee7-ba4c-903c9821784a</uuid><slot>webcontainer</slot><location>http://tip.fpr1.obecon.net/9/b/6/9b6b8960-643a-4724-915c-108fbb3708a4/bild.jpg</location><copyright>Foto: Reiher und Seidel &amp; Olympiastadion Berlin GmbH</copyright><caption>Olympiastadion Ostkurve</caption></asset><asset><mime>image/jpeg</mime><width>110</width><height>72</height><filesize>4048</filesize><uuid>8d8f55ed-b3b5-4ee7-ba4c-903c9821784a</uuid><slot>webpreview</slot><location>http://tip.fpr1.obecon.net/2/9/8/29835ac8-eb54-4419-a17f-fe72f1deacf1/thumb.jpg</location><copyright>Foto: Reiher und Seidel &amp; Olympiastadion Berlin GmbH</copyright><caption>Olympiastadion Ostkurve</caption></asset>
</Veranstaltung>
<Veranstaltung VId="928583">
	<asset><mime>image/jpeg</mime><width>339</width><height>340</height><filesize>45554</filesize><uuid>8d8f55ed-b3b5-4ee7-ba4c-903c9821784a</uuid><slot>webcontainer</slot><location>http://tip.fpr1.obecon.net/9/b/6/9b6b8960-643a-4724-915c-108fbb3708a4/bild.jpg</location><copyright>Foto: Reiher und Seidel &amp; Olympiastadion Berlin GmbH</copyright><caption>Olympiastadion Ostkurve</caption></asset><asset><mime>image/jpeg</mime><width>110</width><height>72</height><filesize>4048</filesize><uuid>8d8f55ed-b3b5-4ee7-ba4c-903c9821784a</uuid><slot>webpreview</slot><location>http://tip.fpr1.obecon.net/2/9/8/29835ac8-eb54-4419-a17f-fe72f1deacf1/thumb.jpg</location><copyright>Foto: Reiher und Seidel &amp; Olympiastadion Berlin GmbH</copyright><caption>Olympiastadion Ostkurve</caption></asset>
</Veranstaltung>
<Veranstaltung VId="949475">
	<asset><mime>image/jpeg</mime><width>255</width><height>340</height><filesize>17609</filesize><uuid>68e04cd6-519d-4f25-a1b7-dc4629045bd1</uuid><slot>webcontainer</slot><location>http://tip.fpr1.obecon.net/e/a/e/eae36a49-7eec-4567-a03c-aa94ab8dcf99/bild.jpg</location><copyright>Sabine Hansen</copyright><caption>BerlinmitKindern_Nikolai</caption></asset><asset><mime>image/jpeg</mime><width>110</width><height>72</height><filesize>2125</filesize><uuid>68e04cd6-519d-4f25-a1b7-dc4629045bd1</uuid><slot>webpreview</slot><location>http://tip.fpr1.obecon.net/e/9/d/e9d9f52c-a2f8-4b76-984e-8394302c3578/thumb.jpg</location><copyright>Sabine Hansen</copyright><caption>BerlinmitKindern_Nikolai</caption></asset>
	<asset><mime>image/jpeg</mime><width>445</width><height>340</height><filesize>43880</filesize><uuid>6bddcba1-4be8-4574-b18f-36bc3a5bde0b</uuid><slot>webcontainer</slot><location>http://tip.fpr1.obecon.net/c/f/5/cf5569f7-8408-44f8-bb23-d3f92124615d/bild.jpg</location><copyright>Sabine Hansen</copyright><caption>BerlinmitKindern_Nikolai3</caption></asset><asset><mime>image/jpeg</mime><width>110</width><height>72</height><filesize>4763</filesize><uuid>6bddcba1-4be8-4574-b18f-36bc3a5bde0b</uuid><slot>webpreview</slot><location>http://tip.fpr1.obecon.net/1/7/1/1718a40a-b0c0-4bd3-8b93-7b96a3605133/thumb.jpg</location><copyright>Sabine Hansen</copyright><caption>BerlinmitKindern_Nikolai3</caption></asset>
	<asset><mime>image/jpeg</mime><width>255</width><height>340</height><filesize>25769</filesize><uuid>0510a810-2e66-4045-96b6-40d04d9ea629</uuid><slot>webcontainer</slot><location>http://tip.fpr1.obecon.net/5/4/b/54bf618a-27f0-4ad4-8f61-3cd39d75ac84/bild.jpg</location><copyright>Sabine Hansen</copyright><caption>BerlinmitKindern_Nikolai4</caption></asset><asset><mime>image/jpeg</mime><width>110</width><height>72</height><filesize>2956</filesize><uuid>0510a810-2e66-4045-96b6-40d04d9ea629</uuid><slot>webpreview</slot><location>http://tip.fpr1.obecon.net/e/b/4/eb419446-2c9b-4c62-b1b6-d7a0362dd313/thumb.jpg</location><copyright>Sabine Hansen</copyright><caption>BerlinmitKindern_Nikolai4</caption></asset>
	<asset><mime>image/jpeg</mime><width>452</width><height>340</height><filesize>17088</filesize><uuid>05cd2a10-e35b-4e76-9fc1-64b43548169c</uuid><slot>webcontainer</slot><location>http://tip.fpr1.obecon.net/c/e/1/ce1fa47c-1baa-4c67-9617-ae37f31a9df1/bild.jpg</location><copyright>Sabine Hansen</copyright><caption>BerlinmitKindern_logo</caption></asset><asset><mime>image/jpeg</mime><width>110</width><height>72</height><filesize>3044</filesize><uuid>05cd2a10-e35b-4e76-9fc1-64b43548169c</uuid><slot>webpreview</slot><location>http://tip.fpr1.obecon.net/e/b/b/ebba16d2-cd27-4655-9afc-f916fe51e069/thumb.jpg</location><copyright>Sabine Hansen</copyright><caption>BerlinmitKindern_logo</caption></asset>
	<asset><mime>application/pdf</mime><width>1</width><height>1</height><filesize>43456</filesize><uuid>4945b71c-0bd3-4033-8f9e-726a3ea004f3</uuid><slot>pdf</slot><location>http://tip.fpr1.obecon.net/8/f/6/8f681f38-2aa4-45e4-bf10-8afb1d8bd38f/download.pdf</location><caption>KinderfuehrungNikolaiviertel</caption></asset><asset><mime>image/jpeg</mime><width>110</width><height>72</height><filesize>1737</filesize><uuid>4945b71c-0bd3-4033-8f9e-726a3ea004f3</uuid><slot>pdfpreview</slot><location>http://tip.fpr1.obecon.net/f/e/f/fef45ed2-d2bb-4838-8dd3-f0391baaa839/preview.jpg</location><caption>KinderfuehrungNikolaiviertel</caption></asset>
</Veranstaltung>
<Veranstaltung VId="949476">
	<asset><mime>image/jpeg</mime><width>452</width><height>340</height><filesize>37301</filesize><uuid>5a93554e-0b1f-44ad-a1e4-1f3bab6b3d8d</uuid><slot>webcontainer</slot><location>http://tip.fpr1.obecon.net/5/5/1/551c85c5-b254-40f8-8406-296368ec697c/bild.jpg</location><copyright>Sabine Hansen</copyright><caption>BerlinmitKindern_Checkpoint3</caption></asset><asset><mime>image/jpeg</mime><width>110</width><height>72</height><filesize>4264</filesize><uuid>5a93554e-0b1f-44ad-a1e4-1f3bab6b3d8d</uuid><slot>webpreview</slot><location>http://tip.fpr1.obecon.net/6/a/6/6a652ae0-0da5-4400-aa34-b1bbe5803812/thumb.jpg</location><copyright>Sabine Hansen</copyright><caption>BerlinmitKindern_Checkpoint3</caption></asset>
	<asset><mime>application/pdf</mime><width>1</width><height>1</height><filesize>43228</filesize><uuid>40bd2ef3-f44f-4e6a-91ef-a3d1a85ede77</uuid><slot>pdf</slot><location>http://tip.fpr1.obecon.net/3/a/0/3a0014ff-2328-4411-8e85-e04aef2f5b96/download.pdf</location><caption>KinderfuehrungCheckpointCharlie</caption></asset><asset><mime>image/jpeg</mime><width>110</width><height>72</height><filesize>1861</filesize><uuid>40bd2ef3-f44f-4e6a-91ef-a3d1a85ede77</uuid><slot>pdfpreview</slot><location>http://tip.fpr1.obecon.net/f/d/9/fd977256-7bc6-4685-bb87-2bb15916e366/preview.jpg</location><caption>KinderfuehrungCheckpointCharlie</caption></asset>
	<asset><mime>image/jpeg</mime><width>110</width><height>72</height><filesize>3557</filesize><uuid>da112878-af5b-4701-9d6f-b0655cf90899</uuid><slot>webpreview</slot><location>http://tip.fpr1.obecon.net/5/d/9/5d917f48-fe42-4339-8221-d91b9872dbee/thumb.jpg</location></asset><asset><mime>image/jpeg</mime><width>454</width><height>340</height><filesize>35445</filesize><uuid>da112878-af5b-4701-9d6f-b0655cf90899</uuid><slot>webcontainer</slot><location>http://tip.fpr1.obecon.net/7/1/3/713f0321-4d61-4ec7-84de-295236a569e6/bild.jpg</location></asset>
	<asset><mime>image/jpeg</mime><width>110</width><height>72</height><filesize>3044</filesize><uuid>e7b5b464-2302-4bdf-b17d-90c2bd0d6022</uuid><slot>webpreview</slot><location>http://tip.fpr1.obecon.net/8/c/f/8cf41a8d-b5e6-47a1-a656-f46045334901/thumb.jpg</location><copyright>Sabine Hansen</copyright><caption>BerlinmitKindern_logo</caption></asset><asset><mime>image/jpeg</mime><width>452</width><height>340</height><filesize>17088</filesize><uuid>e7b5b464-2302-4bdf-b17d-90c2bd0d6022</uuid><slot>webcontainer</slot><location>http://tip.fpr1.obecon.net/7/0/7/707ed1a9-728c-48a8-b93e-e684680e59dc/bild.jpg</location><copyright>Sabine Hansen</copyright><caption>BerlinmitKindern_logo</caption></asset>
	<asset><mime>image/jpeg</mime><width>255</width><height>340</height><filesize>27198</filesize><uuid>92d4d559-dee4-4e1a-b917-8b775a1ad177</uuid><slot>webcontainer</slot><location>http://tip.fpr1.obecon.net/c/b/b/cbb15dbd-23cf-4917-9af8-fec604ef906d/bild.jpg</location><copyright>Sabine Hansen</copyright><caption>BerlinmitKindern_Checkpoint1</caption></asset><asset><mime>image/jpeg</mime><width>110</width><height>72</height><filesize>3614</filesize><uuid>92d4d559-dee4-4e1a-b917-8b775a1ad177</uuid><slot>webpreview</slot><location>http://tip.fpr1.obecon.net/9/3/e/93ede711-08e3-41bf-b69f-9720c9fbdff3/thumb.jpg</location><copyright>Sabine Hansen</copyright><caption>BerlinmitKindern_Checkpoint1</caption></asset>
</Veranstaltung>
<Veranstaltung VId="949477">
	<asset><mime>image/jpeg</mime><width>110</width><height>72</height><filesize>3614</filesize><uuid>a0e815a8-153f-4d05-945a-a370ac597586</uuid><slot>webpreview</slot><location>http://tip.fpr1.obecon.net/1/b/5/1b505a7b-8d1d-4681-b3dc-91370b9ea572/thumb.jpg</location><copyright>Sabine Hansen</copyright><caption>BerlinmitKindern_Checkpoint1</caption></asset><asset><mime>image/jpeg</mime><width>255</width><height>340</height><filesize>27198</filesize><uuid>a0e815a8-153f-4d05-945a-a370ac597586</uuid><slot>webcontainer</slot><location>http://tip.fpr1.obecon.net/e/0/4/e049d6c7-1c71-4aca-9a94-9b350df10a9e/bild.jpg</location><copyright>Sabine Hansen</copyright><caption>BerlinmitKindern_Checkpoint1</caption></asset>
	<asset><mime>image/jpeg</mime><width>454</width><height>340</height><filesize>35445</filesize><uuid>bbf1a40a-5a81-4aa0-8a8e-f2ce96b19277</uuid><slot>webcontainer</slot><location>http://tip.fpr1.obecon.net/0/f/d/0fd06bfb-a89a-41b2-ab39-ca561c63e52b/bild.jpg</location><copyright>Sabine Hansen</copyright><caption>BerlinmitKindern_Checkpoint2</caption></asset><asset><mime>image/jpeg</mime><width>110</width><height>72</height><filesize>3557</filesize><uuid>bbf1a40a-5a81-4aa0-8a8e-f2ce96b19277</uuid><slot>webpreview</slot><location>http://tip.fpr1.obecon.net/5/b/0/5b023e8e-48b0-41ee-9123-7a5eec0e1d63/thumb.jpg</location><copyright>Sabine Hansen</copyright><caption>BerlinmitKindern_Checkpoint2</caption></asset>
	<asset><mime>image/jpeg</mime><width>110</width><height>72</height><filesize>4264</filesize><uuid>fcec28e6-e7f6-402c-a752-6a1fae2f9af1</uuid><slot>webpreview</slot><location>http://tip.fpr1.obecon.net/a/e/8/ae875f88-aa32-448d-b566-be6351ef1b9b/thumb.jpg</location><copyright>Sabine Hansen</copyright><caption>BerlinmitKindern_Checkpoint3</caption></asset><asset><mime>image/jpeg</mime><width>452</width><height>340</height><filesize>37301</filesize><uuid>fcec28e6-e7f6-402c-a752-6a1fae2f9af1</uuid><slot>webcontainer</slot><location>http://tip.fpr1.obecon.net/a/d/3/ad35a72c-31e4-4744-a92d-22927e3bb7b5/bild.jpg</location><copyright>Sabine Hansen</copyright><caption>BerlinmitKindern_Checkpoint3</caption></asset>
	<asset><mime>image/jpeg</mime><width>452</width><height>340</height><filesize>17088</filesize><uuid>d672c892-cfcb-444c-82a2-3b44ce74a6ed</uuid><slot>webcontainer</slot><location>http://tip.fpr1.obecon.net/6/3/6/636c57e8-8835-4dd7-bb7b-215363bfd164/bild.jpg</location><copyright>Sabine Hansen</copyright><caption>BerlinmitKindern_logo</caption></asset><asset><mime>image/jpeg</mime><width>110</width><height>72</height><filesize>3044</filesize><uuid>d672c892-cfcb-444c-82a2-3b44ce74a6ed</uuid><slot>webpreview</slot><location>http://tip.fpr1.obecon.net/a/6/e/a6ef8d56-0905-4ebb-b1bd-0f58be713e40/thumb.jpg</location><copyright>Sabine Hansen</copyright><caption>BerlinmitKindern_logo</caption></asset>
	<asset><mime>application/pdf</mime><width>1</width><height>1</height><filesize>43228</filesize><uuid>ccb097df-3737-4b62-8a09-d44ed2f4fb1e</uuid><slot>pdf</slot><location>http://tip.fpr1.obecon.net/c/0/d/c0d8c8af-4dc0-436a-be77-0a700f550769/download.pdf</location><caption>KinderfuehrungCheckpointCharlie</caption></asset><asset><mime>image/jpeg</mime><width>110</width><height>72</height><filesize>1861</filesize><uuid>ccb097df-3737-4b62-8a09-d44ed2f4fb1e</uuid><slot>pdfpreview</slot><location>http://tip.fpr1.obecon.net/d/8/0/d808459d-5cd8-45ed-bb42-06dc668bb98d/preview.jpg</location><caption>KinderfuehrungCheckpointCharlie</caption></asset>
</Veranstaltung>
</EventXFilePool>
