<?xml version='1.0' encoding='UTF-8'?>
<EventXFilePool xmlns="http://obecon.net/schema/EventXFilepool-1.0">
<Veranstaltung VId="949767">
	<asset><mime>image/jpeg</mime><width>241</width><height>340</height><filesize>21724</filesize><uuid>19ceab78-d0fa-41c6-bc3f-63758e4600ce</uuid><slot>webcontainer</slot><location>http://tip.fpr1.obecon.net/f/2/6/f264b3e4-fe58-46f3-afdd-7670a5f15213/bild.jpg</location><copyright>promo</copyright><caption>Fahrrad-Klassik-Markt</caption></asset><asset><mime>image/jpeg</mime><width>110</width><height>72</height><filesize>3061</filesize><uuid>19ceab78-d0fa-41c6-bc3f-63758e4600ce</uuid><slot>webpreview</slot><location>http://tip.fpr1.obecon.net/c/6/1/c61cc053-af39-4578-9ce2-15f1406c73c6/thumb.jpg</location><copyright>promo</copyright><caption>Fahrrad-Klassik-Markt</caption></asset>
	<asset><mime>image/jpeg</mime><width>453</width><height>340</height><filesize>71242</filesize><uuid>9fa6e6cb-89b7-4851-8ca3-c455f948aba3</uuid><slot>webcontainer</slot><location>http://tip.fpr1.obecon.net/7/2/b/72b78dd0-8f11-459a-9e2e-35f8ce5bd241/bild.jpg</location><copyright>promo</copyright><caption>Fahrrad-Klassik-Markt</caption></asset><asset><mime>image/jpeg</mime><width>110</width><height>72</height><filesize>4428</filesize><uuid>9fa6e6cb-89b7-4851-8ca3-c455f948aba3</uuid><slot>webpreview</slot><location>http://tip.fpr1.obecon.net/c/b/2/cb2df727-3823-44fc-9cc9-f645c242111c/thumb.jpg</location><copyright>promo</copyright><caption>Fahrrad-Klassik-Markt</caption></asset>
	<asset><mime>image/jpeg</mime><width>453</width><height>340</height><filesize>62229</filesize><uuid>60b2bba8-e41c-46dc-9a6d-8da88ffc98a8</uuid><slot>webcontainer</slot><location>http://tip.fpr1.obecon.net/5/1/f/51f071fe-1319-4320-861c-4ab81a935ef4/bild.jpg</location><copyright>promo</copyright><caption>Fahrrad-Klassik-Markt</caption></asset><asset><mime>image/jpeg</mime><width>110</width><height>72</height><filesize>4386</filesize><uuid>60b2bba8-e41c-46dc-9a6d-8da88ffc98a8</uuid><slot>webpreview</slot><location>http://tip.fpr1.obecon.net/c/1/e/c1e99c4b-fa28-4e6a-94d1-a64ed472abeb/thumb.jpg</location><copyright>promo</copyright><caption>Fahrrad-Klassik-Markt</caption></asset>
	<asset><mime>application/pdf</mime><width>1</width><height>1</height><filesize>36308</filesize><uuid>8ea6c984-faad-407a-aaf6-6599efe12b0d</uuid><slot>pdf</slot><location>http://tip.fpr1.obecon.net/7/7/c/77c72ed6-e4ec-46b0-8f6e-c90407ca06d5/download.pdf</location><caption>Fahrrad-Klassik-Markt - Pressetext</caption></asset><asset><mime>image/jpeg</mime><width>110</width><height>72</height><filesize>2171</filesize><uuid>8ea6c984-faad-407a-aaf6-6599efe12b0d</uuid><slot>pdfpreview</slot><location>http://tip.fpr1.obecon.net/d/a/9/da916886-fbdf-4e68-89e9-2fa0ee8245b2/preview.jpg</location><caption>Fahrrad-Klassik-Markt - Pressetext</caption></asset>
</Veranstaltung>
</EventXFilePool>
