<?xml version='1.0' encoding='UTF-8'?>
<EventXFilePool xmlns="http://obecon.net/schema/EventXFilepool-1.0">
<Veranstaltung VId="949538">
	<asset><mime>image/jpeg</mime><width>226</width><height>340</height><filesize>19171</filesize><uuid>131a35f0-e708-43ff-8c8e-96d551bd8042</uuid><slot>webcontainer</slot><location>http://tip.fpr1.obecon.net/0/1/a/01aff5ea-1270-471a-b296-35f1cf69b584/bild.jpg</location><copyright>promo</copyright><caption>Ebru Kiranci</caption></asset><asset><mime>image/jpeg</mime><width>110</width><height>72</height><filesize>3143</filesize><uuid>131a35f0-e708-43ff-8c8e-96d551bd8042</uuid><slot>webpreview</slot><location>http://tip.fpr1.obecon.net/2/8/9/2890a08a-dd2a-4eed-96bb-00837bdf446e/thumb.jpg</location><copyright>promo</copyright><caption>Ebru Kiranci</caption></asset>
	<asset><mime>application/pdf</mime><width>1</width><height>1</height><filesize>21143</filesize><uuid>c564cdff-583a-4032-8e5b-e149ddc3f998</uuid><slot>pdf</slot><location>http://tip.fpr1.obecon.net/4/e/d/4edeb657-d5ef-457d-82c8-564157ef642b/download.pdf</location><caption>Amnesty International-Veranstaltung</caption></asset><asset><mime>image/jpeg</mime><width>110</width><height>72</height><filesize>2059</filesize><uuid>c564cdff-583a-4032-8e5b-e149ddc3f998</uuid><slot>pdfpreview</slot><location>http://tip.fpr1.obecon.net/0/2/a/02ab41d7-6ce4-4b13-83b5-dea8f77c993d/preview.jpg</location><caption>Amnesty International-Veranstaltung</caption></asset>
</Veranstaltung>
<Veranstaltung VId="949828">
	<asset><mime>image/jpeg</mime><width>227</width><height>340</height><filesize>11346</filesize><uuid>331f3d07-180a-4193-af70-1f37d223c89e</uuid><slot>webcontainer</slot><location>http://tip.fpr1.obecon.net/1/f/0/1f052337-c1ca-4783-973b-80669b06bff6/bild.jpg</location><copyright>Nadine Loes</copyright><caption>Hamed Eshrat</caption></asset><asset><mime>image/jpeg</mime><width>110</width><height>72</height><filesize>2560</filesize><uuid>331f3d07-180a-4193-af70-1f37d223c89e</uuid><slot>webpreview</slot><location>http://tip.fpr1.obecon.net/d/0/4/d047c30b-a40f-4f80-a01b-8cf9f62b774a/thumb.jpg</location><copyright>Nadine Loes</copyright><caption>Hamed Eshrat</caption></asset>
	<asset><mime>image/jpeg</mime><width>226</width><height>340</height><filesize>12351</filesize><uuid>747e4b82-0a41-4805-a037-1b58da57180a</uuid><slot>webcontainer</slot><location>http://tip.fpr1.obecon.net/0/4/c/04c78590-bc6e-4f3f-838d-fbef3f15a63e/bild.jpg</location><copyright>Ron Leshem</copyright><caption>Ron Leshem</caption></asset><asset><mime>image/jpeg</mime><width>110</width><height>72</height><filesize>2596</filesize><uuid>747e4b82-0a41-4805-a037-1b58da57180a</uuid><slot>webpreview</slot><location>http://tip.fpr1.obecon.net/7/b/8/7b8c1bc8-a54a-4eea-80a1-43915ada4049/thumb.jpg</location><copyright>Ron Leshem</copyright><caption>Ron Leshem</caption></asset>
	<asset><mime>application/pdf</mime><width>1</width><height>1</height><filesize>166557</filesize><uuid>17403628-76c6-4850-b4db-637df3c5585e</uuid><slot>pdf</slot><location>http://tip.fpr1.obecon.net/d/e/8/de8c73de-af4e-4ce8-9ee5-dd6c12367044/download.pdf</location><caption>Kultursommer Programm</caption></asset><asset><mime>image/jpeg</mime><width>110</width><height>72</height><filesize>2002</filesize><uuid>17403628-76c6-4850-b4db-637df3c5585e</uuid><slot>pdfpreview</slot><location>http://tip.fpr1.obecon.net/7/c/4/7c4feeec-d518-41fb-9df4-930aec55c376/preview.jpg</location><caption>Kultursommer Programm</caption></asset>
</Veranstaltung>
</EventXFilePool>
