<?xml version='1.0' encoding='UTF-8'?>
<EventXFilePool xmlns="http://obecon.net/schema/EventXFilepool-1.0">
<Veranstaltung VId="946778">
	<asset><mime>image/jpeg</mime><width>456</width><height>304</height><filesize>41280</filesize><uuid>160ddb55-b325-4766-9364-bbbaf5011536</uuid><slot>webcontainer</slot><location>http://tip.fpr1.obecon.net/f/b/8/fb83ffc7-d386-476e-ad1c-583a8229df3f/bild.jpg</location><copyright>?eL Seed</copyright><caption>Assabah MedinaTunis</caption></asset><asset><mime>image/jpeg</mime><width>110</width><height>72</height><filesize>3605</filesize><uuid>160ddb55-b325-4766-9364-bbbaf5011536</uuid><slot>webpreview</slot><location>http://tip.fpr1.obecon.net/3/b/9/3b908a48-3710-4ea3-9bd6-2f5b5e83c279/thumb.jpg</location><copyright>?eL Seed</copyright><caption>Assabah MedinaTunis</caption></asset>
	<asset><mime>image/jpeg</mime><width>456</width><height>306</height><filesize>41529</filesize><uuid>1b5b04b7-ae8a-4113-adfe-a9525ab28d92</uuid><slot>webcontainer</slot><location>http://tip.fpr1.obecon.net/7/d/c/7dc7f4c8-2938-4f01-b068-4ba2abad52f7/bild.jpg</location><copyright>? J. Cartier-Cohen</copyright><caption>akrylojuin08 (09)</caption></asset><asset><mime>image/jpeg</mime><width>110</width><height>72</height><filesize>4833</filesize><uuid>1b5b04b7-ae8a-4113-adfe-a9525ab28d92</uuid><slot>webpreview</slot><location>http://tip.fpr1.obecon.net/7/0/8/7085b52f-c01b-43f9-98d9-b62a214767de/thumb.jpg</location><copyright>? J. Cartier-Cohen</copyright><caption>akrylojuin08 (09)</caption></asset>
	<asset><mime>application/pdf</mime><width>1</width><height>1</height><filesize>78405</filesize><uuid>2f6b3dae-0214-4f54-b30a-81a8c4275064</uuid><slot>pdf</slot><location>http://tip.fpr1.obecon.net/1/2/7/127b8d20-80bc-4f85-850a-26b813a6b162/download.pdf</location><caption>PM_Arabic Calligraffiti, US-Embassy</caption></asset><asset><mime>image/jpeg</mime><width>110</width><height>72</height><filesize>2542</filesize><uuid>2f6b3dae-0214-4f54-b30a-81a8c4275064</uuid><slot>pdfpreview</slot><location>http://tip.fpr1.obecon.net/0/6/0/0600d0c7-8928-4125-bd0f-0741d84c2a4b/preview.jpg</location><caption>PM_Arabic Calligraffiti, US-Embassy</caption></asset>
</Veranstaltung>
<Veranstaltung VId="948757">
	<asset><mime>image/jpeg</mime><width>227</width><height>340</height><filesize>18210</filesize><uuid>d770478e-ac8b-4a81-9be9-6a898a1b55ed</uuid><slot>webcontainer</slot><location>http://tip.fpr1.obecon.net/4/6/9/469fa083-caca-4ad2-b97c-2e538c4a1577/bild.jpg</location><copyright>Hani Chalid</copyright><caption>IMG_9184 fuss+hand</caption></asset><asset><mime>image/jpeg</mime><width>110</width><height>72</height><filesize>2384</filesize><uuid>d770478e-ac8b-4a81-9be9-6a898a1b55ed</uuid><slot>webpreview</slot><location>http://tip.fpr1.obecon.net/f/0/2/f020d6e9-50fd-4b87-8b92-6dbfdc5c5137/thumb.jpg</location><copyright>Hani Chalid</copyright><caption>IMG_9184 fuss+hand</caption></asset>
	<asset><mime>image/jpeg</mime><width>456</width><height>305</height><filesize>23910</filesize><uuid>6034003f-8a09-40b4-9d91-bafe6481192e</uuid><slot>webcontainer</slot><location>http://tip.fpr1.obecon.net/6/0/0/600b3772-c7ab-4669-a533-1f65237945d4/bild.jpg</location><copyright>Hani Chalid</copyright><caption>fuesse lala</caption></asset><asset><mime>image/jpeg</mime><width>110</width><height>72</height><filesize>1986</filesize><uuid>6034003f-8a09-40b4-9d91-bafe6481192e</uuid><slot>webpreview</slot><location>http://tip.fpr1.obecon.net/6/5/5/655d1417-357a-4e74-ae70-967e7450c9a7/thumb.jpg</location><copyright>Hani Chalid</copyright><caption>fuesse lala</caption></asset>
	<asset><mime>image/jpeg</mime><width>456</width><height>135</height><filesize>17045</filesize><uuid>d2ffcc11-b267-4771-b7d9-802bfd79b628</uuid><slot>webcontainer</slot><location>http://tip.fpr1.obecon.net/d/1/e/d1ee79ad-657f-451d-ab49-e0ad1085a607/bild.jpg</location><copyright>Hani Chalid</copyright><caption>schmidt_augen_klein</caption></asset><asset><mime>image/jpeg</mime><width>110</width><height>72</height><filesize>2396</filesize><uuid>d2ffcc11-b267-4771-b7d9-802bfd79b628</uuid><slot>webpreview</slot><location>http://tip.fpr1.obecon.net/5/a/9/5a965da8-ad84-4c40-9614-95d38e7f7b29/thumb.jpg</location><copyright>Hani Chalid</copyright><caption>schmidt_augen_klein</caption></asset>
	<asset><mime>image/jpeg</mime><width>110</width><height>72</height><filesize>3684</filesize><uuid>fb2dba55-7fa2-40cd-bc14-7caa312492e5</uuid><slot>webpreview</slot><location>http://tip.fpr1.obecon.net/6/c/3/6c3a4cda-99b9-459d-9a77-5c14aef4c293/thumb.jpg</location><copyright>Hani Chalid</copyright><caption>mann_goerli_lala</caption></asset><asset><mime>image/jpeg</mime><width>255</width><height>340</height><filesize>31258</filesize><uuid>fb2dba55-7fa2-40cd-bc14-7caa312492e5</uuid><slot>webcontainer</slot><location>http://tip.fpr1.obecon.net/7/2/f/72fc93d4-9d48-4c69-826a-60229fe025c1/bild.jpg</location><copyright>Hani Chalid</copyright><caption>mann_goerli_lala</caption></asset>
</Veranstaltung>
<Veranstaltung VId="949513">
	<asset><mime>image/jpeg</mime><width>454</width><height>340</height><filesize>35854</filesize><uuid>0b60c916-71fa-48b5-b577-44c0bfda890d</uuid><slot>webcontainer</slot><location>http://tip.fpr1.obecon.net/b/b/1/bb10d51e-dd7b-4925-8d89-d60f2ee95ad4/bild.jpg</location><copyright>Copyright exp12 / Eva Brunner / Gian Paolo Minelli</copyright><caption>The Flood Wall Slide-Show vor und in der Galerie exp12</caption></asset><asset><mime>image/jpeg</mime><width>110</width><height>72</height><filesize>2881</filesize><uuid>0b60c916-71fa-48b5-b577-44c0bfda890d</uuid><slot>webpreview</slot><location>http://tip.fpr1.obecon.net/0/a/f/0affa8e9-05ea-429a-b86d-5f28d1eed3ec/thumb.jpg</location><copyright>Copyright exp12 / Eva Brunner / Gian Paolo Minelli</copyright><caption>The Flood Wall Slide-Show vor und in der Galerie exp12</caption></asset>
</Veranstaltung>
<Veranstaltung VId="949567">
	<asset><mime>image/jpeg</mime><width>110</width><height>72</height><filesize>4055</filesize><uuid>e3787ff0-335b-4963-ac80-9df826ed4865</uuid><slot>webpreview</slot><location>http://tip.fpr1.obecon.net/8/0/1/80163c61-e80d-4193-9d34-c4dd4dc48417/thumb.jpg</location><copyright>Copyright Frank H?hne und Gestalten</copyright><caption>FrankHohne_Bockumenta1_GestaltenSpace</caption></asset><asset><mime>image/jpeg</mime><width>456</width><height>321</height><filesize>44522</filesize><uuid>e3787ff0-335b-4963-ac80-9df826ed4865</uuid><slot>webcontainer</slot><location>http://tip.fpr1.obecon.net/8/5/4/85435e67-02c0-429f-b5bb-3f7dc61fce51/bild.jpg</location><copyright>Copyright Frank H?hne und Gestalten</copyright><caption>FrankHohne_Bockumenta1_GestaltenSpace</caption></asset>
</Veranstaltung>
<Veranstaltung VId="949847">
	<asset><mime>application/pdf</mime><width>1</width><height>1</height><filesize>62193</filesize><uuid>e09f3556-3709-4271-b8a9-fafd1f513b8b</uuid><slot>pdf</slot><location>http://tip.fpr1.obecon.net/6/4/f/64f70d41-c81e-478f-9f08-8a01afd4e153/download.pdf</location><caption>Czerny Mail-Einladung</caption></asset><asset><mime>image/jpeg</mime><width>110</width><height>72</height><filesize>2022</filesize><uuid>e09f3556-3709-4271-b8a9-fafd1f513b8b</uuid><slot>pdfpreview</slot><location>http://tip.fpr1.obecon.net/8/f/9/8f929881-b61e-4e59-a2dd-2ef9c28a5969/preview.jpg</location><caption>Czerny Mail-Einladung</caption></asset>
</Veranstaltung>
<Veranstaltung VId="949880">
	<asset><mime>application/pdf</mime><width>1</width><height>1</height><filesize>2736942</filesize><uuid>571b8250-1183-4857-b5b1-14c50257615d</uuid><slot>pdf</slot><location>http://tip.fpr1.obecon.net/b/d/b/bdbb9e44-84a4-49f8-9588-b39cdffec515/download.pdf</location><caption>Flyer-Things-that-Stink</caption></asset><asset><mime>image/jpeg</mime><width>110</width><height>72</height><filesize>2741</filesize><uuid>571b8250-1183-4857-b5b1-14c50257615d</uuid><slot>pdfpreview</slot><location>http://tip.fpr1.obecon.net/b/3/3/b332d48e-6021-4641-a1d1-908be06a474c/preview.jpg</location><caption>Flyer-Things-that-Stink</caption></asset>
	<asset><mime>application/pdf</mime><width>1</width><height>1</height><filesize>5847568</filesize><uuid>441058f4-4fe6-4329-b8f9-b5c42fd5f892</uuid><slot>pdf</slot><location>http://tip.fpr1.obecon.net/f/4/2/f42d1fd1-95df-4e67-8265-1996bf7226b3/download.pdf</location><caption>Things-That-Stink-Pressemitteilung-07-2012</caption></asset><asset><mime>image/jpeg</mime><width>110</width><height>72</height><filesize>2125</filesize><uuid>441058f4-4fe6-4329-b8f9-b5c42fd5f892</uuid><slot>pdfpreview</slot><location>http://tip.fpr1.obecon.net/6/e/6/6e655aa4-1613-41c1-9aa0-4de2749e32fc/preview.jpg</location><caption>Things-That-Stink-Pressemitteilung-07-2012</caption></asset>
</Veranstaltung>
<Veranstaltung VId="949886">
	<asset><mime>image/jpeg</mime><width>456</width><height>305</height><filesize>12648</filesize><uuid>259f95b8-9356-4e55-b0bf-36897dd0d39c</uuid><slot>webcontainer</slot><location>http://tip.fpr1.obecon.net/0/9/7/097ce2b2-43c9-442b-aefe-a446daaf91b6/bild.jpg</location><copyright>Promo</copyright><caption>Graffity 2011 37 x 39 cm Massimo Micheluzzi</caption></asset><asset><mime>image/jpeg</mime><width>110</width><height>72</height><filesize>1765</filesize><uuid>259f95b8-9356-4e55-b0bf-36897dd0d39c</uuid><slot>webpreview</slot><location>http://tip.fpr1.obecon.net/3/9/b/39b38efc-aa67-4c32-b3a5-c35de8cd4184/thumb.jpg</location><copyright>Promo</copyright><caption>Graffity 2011 37 x 39 cm Massimo Micheluzzi</caption></asset>
	<asset><mime>application/pdf</mime><width>1</width><height>1</height><filesize>710165</filesize><uuid>65494ec0-e33b-424f-92fd-b1f25d091aa7</uuid><slot>pdf</slot><location>http://tip.fpr1.obecon.net/f/3/e/f3e9b459-6750-402e-ac3f-14f8de35c34a/download.pdf</location><caption>PM Mock Room  Brutto Gusto2</caption></asset><asset><mime>image/jpeg</mime><width>110</width><height>72</height><filesize>2468</filesize><uuid>65494ec0-e33b-424f-92fd-b1f25d091aa7</uuid><slot>pdfpreview</slot><location>http://tip.fpr1.obecon.net/8/6/6/86609a48-98f9-4190-9ce5-43a7da1c1489/preview.jpg</location><caption>PM Mock Room  Brutto Gusto2</caption></asset>
	<asset><mime>image/jpeg</mime><width>235</width><height>340</height><filesize>17277</filesize><uuid>af9bc646-3e02-4c89-b40f-89176f06a2cb</uuid><slot>webcontainer</slot><location>http://tip.fpr1.obecon.net/f/1/6/f163fe05-7042-42fb-8d71-6dcb45ec09d4/bild.jpg</location><copyright>Promo</copyright><caption>Tempesto  2011 Ritsue Mishima</caption></asset><asset><mime>image/jpeg</mime><width>110</width><height>72</height><filesize>2350</filesize><uuid>af9bc646-3e02-4c89-b40f-89176f06a2cb</uuid><slot>webpreview</slot><location>http://tip.fpr1.obecon.net/d/a/a/daa7393c-dd29-41d8-a4e8-46b007c1e0de/thumb.jpg</location><copyright>Promo</copyright><caption>Tempesto  2011 Ritsue Mishima</caption></asset>
</Veranstaltung>
<Veranstaltung VId="949926">
	<asset><mime>image/jpeg</mime><width>456</width><height>285</height><filesize>21347</filesize><uuid>e3af9403-25ff-467a-82d3-553ad71a6cab</uuid><slot>webcontainer</slot><location>http://tip.fpr1.obecon.net/b/4/f/b4fe0203-62f7-432d-b435-c9de40a683b2/bild.jpg</location><copyright>Koreanisches Kulturzentrum</copyright><caption>2012-08-10_Ausstellung_LeeBeiKyung_Bild1</caption></asset><asset><mime>image/jpeg</mime><width>110</width><height>72</height><filesize>2798</filesize><uuid>e3af9403-25ff-467a-82d3-553ad71a6cab</uuid><slot>webpreview</slot><location>http://tip.fpr1.obecon.net/9/3/2/932ef7e8-444d-4aa5-9918-5dab64d6efc9/thumb.jpg</location><copyright>Koreanisches Kulturzentrum</copyright><caption>2012-08-10_Ausstellung_LeeBeiKyung_Bild1</caption></asset>
	<asset><mime>image/jpeg</mime><width>456</width><height>285</height><filesize>25647</filesize><uuid>2c85c5f8-1b95-4937-80ee-709bb04aeb04</uuid><slot>webcontainer</slot><location>http://tip.fpr1.obecon.net/0/b/c/0bccddb5-8fdf-42be-8143-7f807016c5f2/bild.jpg</location><copyright>Koreanisches Kulturzentrum</copyright><caption>2012-08-10_Ausstellung_LeeBeiKyung_Bild2</caption></asset><asset><mime>image/jpeg</mime><width>110</width><height>72</height><filesize>2833</filesize><uuid>2c85c5f8-1b95-4937-80ee-709bb04aeb04</uuid><slot>webpreview</slot><location>http://tip.fpr1.obecon.net/4/6/1/461344f0-45f5-4ae3-994e-0bf5edf0964b/thumb.jpg</location><copyright>Koreanisches Kulturzentrum</copyright><caption>2012-08-10_Ausstellung_LeeBeiKyung_Bild2</caption></asset>
	<asset><mime>image/jpeg</mime><width>110</width><height>72</height><filesize>2171</filesize><uuid>bdba89b9-1431-4d89-b2a2-3c8256ff912f</uuid><slot>pdfpreview</slot><location>http://tip.fpr1.obecon.net/1/e/d/1ed82f9b-e6b0-4024-91a3-7fbf0e695992/preview.jpg</location><caption>2012-08-10_Ausstellung_LeeBeiKyung_Pressemitteilung</caption></asset><asset><mime>application/pdf</mime><width>1</width><height>1</height><filesize>650322</filesize><uuid>bdba89b9-1431-4d89-b2a2-3c8256ff912f</uuid><slot>pdf</slot><location>http://tip.fpr1.obecon.net/c/0/7/c07ba97d-d9b7-4ea2-8b45-2aa038517845/download.pdf</location><caption>2012-08-10_Ausstellung_LeeBeiKyung_Pressemitteilung</caption></asset>
</Veranstaltung>
</EventXFilePool>
