<?xml version='1.0' encoding='UTF-8'?>
<EventXFilePool xmlns="http://obecon.net/schema/EventXFilepool-1.0">
<Veranstaltung VId="912595">
	<asset><mime>video/x-flv</mime><width>456</width><height>340</height><filesize>1629710</filesize><uuid>bc677983-65f8-41a5-a424-cf3277fd5cf2</uuid><slot>video</slot><location>http://tip.fpr1.obecon.net/b/0/0/b00ba90f-9a2d-4ed0-9f9b-0ce7e96e64e4/video.flv</location><copyright>Promo</copyright><caption>Fisch-sucht-Fahrrad-Spot TVB</caption></asset><asset><mime>image/jpeg</mime><width>456</width><height>250</height><filesize>6925</filesize><uuid>bc677983-65f8-41a5-a424-cf3277fd5cf2</uuid><slot>videopreview</slot><location>http://tip.fpr1.obecon.net/9/a/0/9a07185b-0393-45f5-9818-c7366bf27381/video.jpg</location><copyright>Promo</copyright><caption>Fisch-sucht-Fahrrad-Spot TVB</caption></asset>
	<asset><mime>image/jpeg</mime><width>456</width><height>303</height><filesize>66888</filesize><uuid>4eca5330-0275-44ba-ba50-f5d4b45f8aae</uuid><slot>webcontainer</slot><location>http://tip.fpr1.obecon.net/0/e/0/0e04edcb-9249-48ec-be8e-168c03bb9093/bild.jpg</location><copyright>Promo</copyright><caption>Test Test</caption></asset><asset><mime>image/jpeg</mime><width>110</width><height>72</height><filesize>5018</filesize><uuid>4eca5330-0275-44ba-ba50-f5d4b45f8aae</uuid><slot>webpreview</slot><location>http://tip.fpr1.obecon.net/c/d/0/cd0f0853-5a76-4e04-9f55-29b818c254da/thumb.jpg</location><copyright>Promo</copyright><caption>Test Test</caption></asset>
	<asset><mime>image/jpeg</mime><width>456</width><height>303</height><filesize>103536</filesize><uuid>db12671f-e920-43e2-8c9e-51e294ca37f0</uuid><slot>webcontainer</slot><location>http://tip.fpr1.obecon.net/a/0/b/a0b78a89-dc15-402e-8826-1072254f3dc6/bild.jpg</location><copyright>Promo</copyright><caption>Fisch sucht Fahrrad-Party</caption></asset><asset><mime>image/jpeg</mime><width>110</width><height>72</height><filesize>8933</filesize><uuid>db12671f-e920-43e2-8c9e-51e294ca37f0</uuid><slot>webpreview</slot><location>http://tip.fpr1.obecon.net/7/d/0/7d03f97c-baf7-49a4-8310-c6907a9bc9cf/thumb.jpg</location><copyright>Promo</copyright><caption>Fisch sucht Fahrrad-Party</caption></asset>
</Veranstaltung>
<Veranstaltung VId="942489">
	<asset><mime>image/jpeg</mime><width>110</width><height>72</height><filesize>4103</filesize><uuid>3533d205-877c-46e5-a837-826da4ad7215</uuid><slot>webpreview</slot><location>http://tip.fpr1.obecon.net/a/a/9/aa96ae51-846c-47bc-80e7-af88ee92ddd7/thumb.jpg</location><copyright>promo</copyright><caption>One Part of The Family (Eric Vaughn, Dorrey Lyles, Regis KinRe Molina, Tikogo Bless, Kevin Booker, Leo Barreto)</caption></asset><asset><mime>image/jpeg</mime><width>453</width><height>340</height><filesize>49844</filesize><uuid>3533d205-877c-46e5-a837-826da4ad7215</uuid><slot>webcontainer</slot><location>http://tip.fpr1.obecon.net/1/1/a/11a93bad-8ba1-4cc9-9d0c-b9f70d37c884/bild.jpg</location><copyright>promo</copyright><caption>One Part of The Family (Eric Vaughn, Dorrey Lyles, Regis KinRe Molina, Tikogo Bless, Kevin Booker, Leo Barreto)</caption></asset>
</Veranstaltung>
<Veranstaltung VId="947319">
	<asset><mime>image/jpeg</mime><width>240</width><height>340</height><filesize>34785</filesize><uuid>27ba0908-c63b-4d4f-89ac-4d9681edd323</uuid><slot>webcontainer</slot><location>http://tip.fpr1.obecon.net/2/3/6/2369e1de-f9f9-4984-909d-1daa10c4aad2/bild.jpg</location><copyright>Promo</copyright><caption>Free Jam Session Flyer</caption></asset><asset><mime>image/jpeg</mime><width>110</width><height>72</height><filesize>4467</filesize><uuid>27ba0908-c63b-4d4f-89ac-4d9681edd323</uuid><slot>webpreview</slot><location>http://tip.fpr1.obecon.net/6/c/b/6cb7724e-5726-4f28-8e40-66ff83d3c9c3/thumb.jpg</location><copyright>Promo</copyright><caption>Free Jam Session Flyer</caption></asset>
</Veranstaltung>
<Veranstaltung VId="948317">
	<asset><mime>application/pdf</mime><width>1</width><height>1</height><filesize>49749</filesize><uuid>ceece298-a5c0-4678-b123-17dc7ebca51a</uuid><slot>pdf</slot><location>http://tip.fpr1.obecon.net/3/1/a/31aa1c82-4895-4f5d-b8f7-73b2afc0ede7/download.pdf</location><caption>Ensemble Ambrassador - Pressetext</caption></asset><asset><mime>image/jpeg</mime><width>110</width><height>72</height><filesize>1761</filesize><uuid>ceece298-a5c0-4678-b123-17dc7ebca51a</uuid><slot>pdfpreview</slot><location>http://tip.fpr1.obecon.net/2/5/a/25afc8ec-32dd-4941-9af5-0e75e892e49c/preview.jpg</location><caption>Ensemble Ambrassador - Pressetext</caption></asset>
	<asset><mime>image/jpeg</mime><width>110</width><height>72</height><filesize>3253</filesize><uuid>c1a78c40-0f00-44f2-9595-980dac51db2f</uuid><slot>webpreview</slot><location>http://tip.fpr1.obecon.net/7/a/8/7a82b713-2204-48cd-9408-2cedcb5ea5f4/thumb.jpg</location><copyright>Promo</copyright><caption>ensemble ambrassador</caption></asset><asset><mime>image/jpeg</mime><width>456</width><height>261</height><filesize>37352</filesize><uuid>c1a78c40-0f00-44f2-9595-980dac51db2f</uuid><slot>webcontainer</slot><location>http://tip.fpr1.obecon.net/5/6/1/561e347c-20d3-47d9-86c4-605dac925c45/bild.jpg</location><copyright>Promo</copyright><caption>ensemble ambrassador</caption></asset>
</Veranstaltung>
<Veranstaltung VId="948895">
	<asset><mime>image/jpeg</mime><width>456</width><height>318</height><filesize>32711</filesize><uuid>f5e21a2f-17ab-4260-a3a1-bd6314f4e917</uuid><slot>webcontainer</slot><location>http://tip.fpr1.obecon.net/9/c/1/9c10fb88-9e0e-4c51-999f-ec6850f3272e/bild.jpg</location><copyright>Mathias Bothor</copyright><caption>Sharon Brauner</caption></asset><asset><mime>image/jpeg</mime><width>110</width><height>72</height><filesize>4117</filesize><uuid>f5e21a2f-17ab-4260-a3a1-bd6314f4e917</uuid><slot>webpreview</slot><location>http://tip.fpr1.obecon.net/2/e/1/2e1af566-17c6-4999-bdd1-36793b9ef1d4/thumb.jpg</location><copyright>Mathias Bothor</copyright><caption>Sharon Brauner</caption></asset>
	<asset><mime>image/jpeg</mime><width>110</width><height>72</height><filesize>2002</filesize><uuid>e65c4d71-6d28-4a4e-a278-c389a730254d</uuid><slot>pdfpreview</slot><location>http://tip.fpr1.obecon.net/3/a/5/3a573cfc-8a31-47eb-a72b-a5854a7d67f5/preview.jpg</location><caption>Kultursommer Programm</caption></asset><asset><mime>application/pdf</mime><width>1</width><height>1</height><filesize>166557</filesize><uuid>e65c4d71-6d28-4a4e-a278-c389a730254d</uuid><slot>pdf</slot><location>http://tip.fpr1.obecon.net/1/9/2/1921d2bd-fa2d-4bea-a61f-5a0ff2e62448/download.pdf</location><caption>Kultursommer Programm</caption></asset>
</Veranstaltung>
<Veranstaltung VId="949463">
	<asset><mime>image/jpeg</mime><width>388</width><height>340</height><filesize>29161</filesize><uuid>542cab26-28a4-4fde-896a-dd89a37d0325</uuid><slot>webcontainer</slot><location>http://tip.fpr1.obecon.net/b/1/a/b1a537f5-7c67-49f9-a5c0-b4be5cf8e4f0/bild.jpg</location><copyright>Promo</copyright><caption>CarlosQuilici</caption></asset><asset><mime>image/jpeg</mime><width>110</width><height>72</height><filesize>3428</filesize><uuid>542cab26-28a4-4fde-896a-dd89a37d0325</uuid><slot>webpreview</slot><location>http://tip.fpr1.obecon.net/f/3/f/f3f552ed-eb91-4d11-9617-431986da0efb/thumb.jpg</location><copyright>Promo</copyright><caption>CarlosQuilici</caption></asset>
</Veranstaltung>
<Veranstaltung VId="949795">
	<asset><mime>image/jpeg</mime><width>456</width><height>303</height><filesize>31039</filesize><uuid>b533355e-d0b7-4e46-92c3-7afc22817fce</uuid><slot>webcontainer</slot><location>http://tip.fpr1.obecon.net/a/3/a/a3a9f478-f6f6-4de4-9852-51678f213cbf/bild.jpg</location><copyright>Berliner Singakademie</copyright><caption>Berliner Singakademie</caption></asset><asset><mime>image/jpeg</mime><width>110</width><height>72</height><filesize>2865</filesize><uuid>b533355e-d0b7-4e46-92c3-7afc22817fce</uuid><slot>webpreview</slot><location>http://tip.fpr1.obecon.net/5/9/3/593292b9-f0d0-4186-a68c-bda9b95a11e9/thumb.jpg</location><copyright>Berliner Singakademie</copyright><caption>Berliner Singakademie</caption></asset>
	<asset><mime>image/jpeg</mime><width>456</width><height>304</height><filesize>42060</filesize><uuid>c67a00fe-51fe-4633-b91d-312af4d44c0a</uuid><slot>webcontainer</slot><location>http://tip.fpr1.obecon.net/a/2/2/a2287717-9f03-4ab9-9e8d-5281441baa26/bild.jpg</location><copyright>Berliner Singakademie</copyright><caption>Berliner Singakademie</caption></asset><asset><mime>image/jpeg</mime><width>110</width><height>72</height><filesize>3497</filesize><uuid>c67a00fe-51fe-4633-b91d-312af4d44c0a</uuid><slot>webpreview</slot><location>http://tip.fpr1.obecon.net/7/d/e/7decd059-8f2d-4eaf-b520-8f0bf2bea22f/thumb.jpg</location><copyright>Berliner Singakademie</copyright><caption>Berliner Singakademie</caption></asset>
	<asset><mime>application/pdf</mime><width>1</width><height>1</height><filesize>460729</filesize><uuid>d3de8c16-888e-4233-99ef-9ccce393ee1c</uuid><slot>pdf</slot><location>http://tip.fpr1.obecon.net/8/a/e/8aeaf7ab-c0a4-48f1-a28a-72bf1ba2f7bc/download.pdf</location><caption>Saisonflyer Berliner Singakademie</caption></asset><asset><mime>image/jpeg</mime><width>110</width><height>72</height><filesize>2944</filesize><uuid>d3de8c16-888e-4233-99ef-9ccce393ee1c</uuid><slot>pdfpreview</slot><location>http://tip.fpr1.obecon.net/e/6/4/e6424534-9929-403e-8676-bd5c23a3afb8/preview.jpg</location><caption>Saisonflyer Berliner Singakademie</caption></asset>
	<asset><mime>application/pdf</mime><width>1</width><height>1</height><filesize>46734</filesize><uuid>bff01c7f-a971-4f34-93d2-6b119bd7a005</uuid><slot>pdf</slot><location>http://tip.fpr1.obecon.net/0/9/4/09405c4d-97c6-4a42-865a-7973bcb73a2e/download.pdf</location><caption>Mitsingflyer Berliner Singakademie</caption></asset><asset><mime>image/jpeg</mime><width>110</width><height>72</height><filesize>3490</filesize><uuid>bff01c7f-a971-4f34-93d2-6b119bd7a005</uuid><slot>pdfpreview</slot><location>http://tip.fpr1.obecon.net/7/8/3/7832e0e4-9e5a-4439-a961-7b1c7527f5dc/preview.jpg</location><caption>Mitsingflyer Berliner Singakademie</caption></asset>
	<asset><mime>image/jpeg</mime><width>456</width><height>304</height><filesize>46833</filesize><uuid>5af88696-57d8-447f-b3af-68f25e94f137</uuid><slot>webcontainer</slot><location>http://tip.fpr1.obecon.net/b/5/a/b5af2de2-24ad-4272-abc0-866a74d4736f/bild.jpg</location><copyright>Berliner Singakademie</copyright><caption>Konzertaufstellung</caption></asset><asset><mime>image/jpeg</mime><width>110</width><height>72</height><filesize>3803</filesize><uuid>5af88696-57d8-447f-b3af-68f25e94f137</uuid><slot>webpreview</slot><location>http://tip.fpr1.obecon.net/f/7/f/f7f3b02e-2d80-42ce-bc4c-4b2a52cfe902/thumb.jpg</location><copyright>Berliner Singakademie</copyright><caption>Konzertaufstellung</caption></asset>
</Veranstaltung>
<Veranstaltung VId="949850">
	<asset><mime>image/jpeg</mime><width>456</width><height>247</height><filesize>16341</filesize><uuid>26f6270c-20d5-408e-ac20-5b45dbd2ac30</uuid><slot>webcontainer</slot><location>http://tip.fpr1.obecon.net/c/d/a/cdae6d7d-6115-4c95-9003-7646116c135b/bild.jpg</location><copyright>RMCB</copyright><caption>Logo RMCB</caption></asset><asset><mime>image/jpeg</mime><width>110</width><height>72</height><filesize>3026</filesize><uuid>26f6270c-20d5-408e-ac20-5b45dbd2ac30</uuid><slot>webpreview</slot><location>http://tip.fpr1.obecon.net/9/2/7/92740b51-8f06-495a-b5f4-76582eab856f/thumb.jpg</location><copyright>RMCB</copyright><caption>Logo RMCB</caption></asset>
</Veranstaltung>
<Veranstaltung VId="949953">
	<asset><mime>image/jpeg</mime><width>456</width><height>304</height><filesize>12742</filesize><uuid>c07cb470-bf7b-40b2-8ba3-29d462f90099</uuid><slot>webcontainer</slot><location>http://tip.fpr1.obecon.net/3/3/2/332ab44c-4871-49eb-981c-c581bf713712/bild.jpg</location><copyright>Promo</copyright><caption>Vanito Brown</caption></asset><asset><mime>image/jpeg</mime><width>110</width><height>72</height><filesize>1575</filesize><uuid>c07cb470-bf7b-40b2-8ba3-29d462f90099</uuid><slot>webpreview</slot><location>http://tip.fpr1.obecon.net/6/0/5/6057daa7-24a0-4e81-8092-fe3f0efcf9b7/thumb.jpg</location><copyright>Promo</copyright><caption>Vanito Brown</caption></asset>
</Veranstaltung>
<Veranstaltung VId="949957">
	<asset><mime>image/jpeg</mime><width>456</width><height>256</height><filesize>53112</filesize><uuid>9a400cb3-e960-4c9a-b0fb-f92f18d63f1e</uuid><slot>webcontainer</slot><location>http://tip.fpr1.obecon.net/7/a/6/7a655eb2-dc5c-4d2f-9021-b67d231602ad/bild.jpg</location><copyright>K?hlhaus Berlin</copyright><caption>K?hlhaus Berlin</caption></asset><asset><mime>image/jpeg</mime><width>110</width><height>72</height><filesize>4991</filesize><uuid>9a400cb3-e960-4c9a-b0fb-f92f18d63f1e</uuid><slot>webpreview</slot><location>http://tip.fpr1.obecon.net/d/a/4/da4956fb-a30c-45de-aa65-91647c7a5058/thumb.jpg</location><copyright>K?hlhaus Berlin</copyright><caption>K?hlhaus Berlin</caption></asset>
</Veranstaltung>
<Veranstaltung VId="949958">
	<asset><mime>image/jpeg</mime><width>456</width><height>256</height><filesize>53112</filesize><uuid>0191cb58-4748-40ee-a5a3-b5ad7a369446</uuid><slot>webcontainer</slot><location>http://tip.fpr1.obecon.net/e/f/c/efc92187-fd41-4f5b-8f28-efaf0d33fa1e/bild.jpg</location><copyright>K?hlhaus Berlin</copyright><caption>K?hlhaus Berlin</caption></asset><asset><mime>image/jpeg</mime><width>110</width><height>72</height><filesize>4991</filesize><uuid>0191cb58-4748-40ee-a5a3-b5ad7a369446</uuid><slot>webpreview</slot><location>http://tip.fpr1.obecon.net/5/c/2/5c27fb83-dabc-4cd0-9e36-ff0b9094c42b/thumb.jpg</location><copyright>K?hlhaus Berlin</copyright><caption>K?hlhaus Berlin</caption></asset>
	<asset><mime>application/pdf</mime><width>1</width><height>1</height><filesize>267908</filesize><uuid>5b6f2ba3-5d01-4d92-9c22-3392afb99747</uuid><slot>pdf</slot><location>http://tip.fpr1.obecon.net/5/4/9/5491419c-187d-4fd7-9eb7-b4d511bab35a/download.pdf</location><caption>Rundfunkchor Berlin beim Musikfest Berlin 2012 Wandelkonzert</caption></asset><asset><mime>image/jpeg</mime><width>110</width><height>72</height><filesize>1669</filesize><uuid>5b6f2ba3-5d01-4d92-9c22-3392afb99747</uuid><slot>pdfpreview</slot><location>http://tip.fpr1.obecon.net/b/2/3/b23db7bb-167c-438d-802e-2f3cf396fcd6/preview.jpg</location><caption>Rundfunkchor Berlin beim Musikfest Berlin 2012 Wandelkonzert</caption></asset>
</Veranstaltung>
<Veranstaltung VId="949959">
	<asset><mime>image/jpeg</mime><width>227</width><height>340</height><filesize>34761</filesize><uuid>c13a663f-d256-436c-ae54-f0b2aa449be9</uuid><slot>webcontainer</slot><location>http://tip.fpr1.obecon.net/c/2/e/c2ebe25f-3780-442a-a293-789da80e227e/bild.jpg</location><copyright>Michael Hart</copyright><caption>Cameron Carpenter</caption></asset><asset><mime>image/jpeg</mime><width>110</width><height>72</height><filesize>4601</filesize><uuid>c13a663f-d256-436c-ae54-f0b2aa449be9</uuid><slot>webpreview</slot><location>http://tip.fpr1.obecon.net/9/2/e/92e6617b-f525-4dc1-a5e0-3eaad2dfd4b5/thumb.jpg</location><copyright>Michael Hart</copyright><caption>Cameron Carpenter</caption></asset>
	<asset><mime>application/pdf</mime><width>1</width><height>1</height><filesize>267908</filesize><uuid>267d5b70-7775-4ba3-a346-8cdadfddf12e</uuid><slot>pdf</slot><location>http://tip.fpr1.obecon.net/6/1/f/61fe2b87-8ed2-481b-ace8-648c7c6672f4/download.pdf</location><caption>Rundfunkchor Berlin beim Musikfest Berlin 2012 Wandelkonzert</caption></asset><asset><mime>image/jpeg</mime><width>110</width><height>72</height><filesize>1669</filesize><uuid>267d5b70-7775-4ba3-a346-8cdadfddf12e</uuid><slot>pdfpreview</slot><location>http://tip.fpr1.obecon.net/f/a/8/fa8ffb0a-641c-4643-929c-d40660a3a22d/preview.jpg</location><caption>Rundfunkchor Berlin beim Musikfest Berlin 2012 Wandelkonzert</caption></asset>
</Veranstaltung>
</EventXFilePool>
