<?xml version='1.0' encoding='UTF-8'?>
<EventXFilePool xmlns="http://obecon.net/schema/EventXFilepool-1.0">
<Veranstaltung VId="921645">
	<asset><mime>image/jpeg</mime><width>339</width><height>340</height><filesize>45554</filesize><uuid>8d8f55ed-b3b5-4ee7-ba4c-903c9821784a</uuid><slot>webcontainer</slot><location>http://tip.fpr1.obecon.net/9/b/6/9b6b8960-643a-4724-915c-108fbb3708a4/bild.jpg</location><copyright>Foto: Reiher und Seidel &amp; Olympiastadion Berlin GmbH</copyright><caption>Olympiastadion Ostkurve</caption></asset><asset><mime>image/jpeg</mime><width>110</width><height>72</height><filesize>4048</filesize><uuid>8d8f55ed-b3b5-4ee7-ba4c-903c9821784a</uuid><slot>webpreview</slot><location>http://tip.fpr1.obecon.net/2/9/8/29835ac8-eb54-4419-a17f-fe72f1deacf1/thumb.jpg</location><copyright>Foto: Reiher und Seidel &amp; Olympiastadion Berlin GmbH</copyright><caption>Olympiastadion Ostkurve</caption></asset>
</Veranstaltung>
<Veranstaltung VId="921725">
	<asset><mime>image/jpeg</mime><width>339</width><height>340</height><filesize>45554</filesize><uuid>8d8f55ed-b3b5-4ee7-ba4c-903c9821784a</uuid><slot>webcontainer</slot><location>http://tip.fpr1.obecon.net/9/b/6/9b6b8960-643a-4724-915c-108fbb3708a4/bild.jpg</location><copyright>Foto: Reiher und Seidel &amp; Olympiastadion Berlin GmbH</copyright><caption>Olympiastadion Ostkurve</caption></asset><asset><mime>image/jpeg</mime><width>110</width><height>72</height><filesize>4048</filesize><uuid>8d8f55ed-b3b5-4ee7-ba4c-903c9821784a</uuid><slot>webpreview</slot><location>http://tip.fpr1.obecon.net/2/9/8/29835ac8-eb54-4419-a17f-fe72f1deacf1/thumb.jpg</location><copyright>Foto: Reiher und Seidel &amp; Olympiastadion Berlin GmbH</copyright><caption>Olympiastadion Ostkurve</caption></asset>
</Veranstaltung>
<Veranstaltung VId="921752">
	<asset><mime>image/jpeg</mime><width>339</width><height>340</height><filesize>45554</filesize><uuid>8d8f55ed-b3b5-4ee7-ba4c-903c9821784a</uuid><slot>webcontainer</slot><location>http://tip.fpr1.obecon.net/9/b/6/9b6b8960-643a-4724-915c-108fbb3708a4/bild.jpg</location><copyright>Foto: Reiher und Seidel &amp; Olympiastadion Berlin GmbH</copyright><caption>Olympiastadion Ostkurve</caption></asset><asset><mime>image/jpeg</mime><width>110</width><height>72</height><filesize>4048</filesize><uuid>8d8f55ed-b3b5-4ee7-ba4c-903c9821784a</uuid><slot>webpreview</slot><location>http://tip.fpr1.obecon.net/2/9/8/29835ac8-eb54-4419-a17f-fe72f1deacf1/thumb.jpg</location><copyright>Foto: Reiher und Seidel &amp; Olympiastadion Berlin GmbH</copyright><caption>Olympiastadion Ostkurve</caption></asset>
</Veranstaltung>
<Veranstaltung VId="928583">
	<asset><mime>image/jpeg</mime><width>339</width><height>340</height><filesize>45554</filesize><uuid>8d8f55ed-b3b5-4ee7-ba4c-903c9821784a</uuid><slot>webcontainer</slot><location>http://tip.fpr1.obecon.net/9/b/6/9b6b8960-643a-4724-915c-108fbb3708a4/bild.jpg</location><copyright>Foto: Reiher und Seidel &amp; Olympiastadion Berlin GmbH</copyright><caption>Olympiastadion Ostkurve</caption></asset><asset><mime>image/jpeg</mime><width>110</width><height>72</height><filesize>4048</filesize><uuid>8d8f55ed-b3b5-4ee7-ba4c-903c9821784a</uuid><slot>webpreview</slot><location>http://tip.fpr1.obecon.net/2/9/8/29835ac8-eb54-4419-a17f-fe72f1deacf1/thumb.jpg</location><copyright>Foto: Reiher und Seidel &amp; Olympiastadion Berlin GmbH</copyright><caption>Olympiastadion Ostkurve</caption></asset>
</Veranstaltung>
<Veranstaltung VId="946778">
	<asset><mime>image/jpeg</mime><width>456</width><height>304</height><filesize>41280</filesize><uuid>160ddb55-b325-4766-9364-bbbaf5011536</uuid><slot>webcontainer</slot><location>http://tip.fpr1.obecon.net/f/b/8/fb83ffc7-d386-476e-ad1c-583a8229df3f/bild.jpg</location><copyright>?eL Seed</copyright><caption>Assabah MedinaTunis</caption></asset><asset><mime>image/jpeg</mime><width>110</width><height>72</height><filesize>3605</filesize><uuid>160ddb55-b325-4766-9364-bbbaf5011536</uuid><slot>webpreview</slot><location>http://tip.fpr1.obecon.net/3/b/9/3b908a48-3710-4ea3-9bd6-2f5b5e83c279/thumb.jpg</location><copyright>?eL Seed</copyright><caption>Assabah MedinaTunis</caption></asset>
	<asset><mime>image/jpeg</mime><width>456</width><height>306</height><filesize>41529</filesize><uuid>1b5b04b7-ae8a-4113-adfe-a9525ab28d92</uuid><slot>webcontainer</slot><location>http://tip.fpr1.obecon.net/7/d/c/7dc7f4c8-2938-4f01-b068-4ba2abad52f7/bild.jpg</location><copyright>? J. Cartier-Cohen</copyright><caption>akrylojuin08 (09)</caption></asset><asset><mime>image/jpeg</mime><width>110</width><height>72</height><filesize>4833</filesize><uuid>1b5b04b7-ae8a-4113-adfe-a9525ab28d92</uuid><slot>webpreview</slot><location>http://tip.fpr1.obecon.net/7/0/8/7085b52f-c01b-43f9-98d9-b62a214767de/thumb.jpg</location><copyright>? J. Cartier-Cohen</copyright><caption>akrylojuin08 (09)</caption></asset>
	<asset><mime>application/pdf</mime><width>1</width><height>1</height><filesize>78405</filesize><uuid>2f6b3dae-0214-4f54-b30a-81a8c4275064</uuid><slot>pdf</slot><location>http://tip.fpr1.obecon.net/1/2/7/127b8d20-80bc-4f85-850a-26b813a6b162/download.pdf</location><caption>PM_Arabic Calligraffiti, US-Embassy</caption></asset><asset><mime>image/jpeg</mime><width>110</width><height>72</height><filesize>2542</filesize><uuid>2f6b3dae-0214-4f54-b30a-81a8c4275064</uuid><slot>pdfpreview</slot><location>http://tip.fpr1.obecon.net/0/6/0/0600d0c7-8928-4125-bd0f-0741d84c2a4b/preview.jpg</location><caption>PM_Arabic Calligraffiti, US-Embassy</caption></asset>
</Veranstaltung>
<Veranstaltung VId="948757">
	<asset><mime>image/jpeg</mime><width>227</width><height>340</height><filesize>18210</filesize><uuid>d770478e-ac8b-4a81-9be9-6a898a1b55ed</uuid><slot>webcontainer</slot><location>http://tip.fpr1.obecon.net/4/6/9/469fa083-caca-4ad2-b97c-2e538c4a1577/bild.jpg</location><copyright>Hani Chalid</copyright><caption>IMG_9184 fuss+hand</caption></asset><asset><mime>image/jpeg</mime><width>110</width><height>72</height><filesize>2384</filesize><uuid>d770478e-ac8b-4a81-9be9-6a898a1b55ed</uuid><slot>webpreview</slot><location>http://tip.fpr1.obecon.net/f/0/2/f020d6e9-50fd-4b87-8b92-6dbfdc5c5137/thumb.jpg</location><copyright>Hani Chalid</copyright><caption>IMG_9184 fuss+hand</caption></asset>
	<asset><mime>image/jpeg</mime><width>456</width><height>305</height><filesize>23910</filesize><uuid>6034003f-8a09-40b4-9d91-bafe6481192e</uuid><slot>webcontainer</slot><location>http://tip.fpr1.obecon.net/6/0/0/600b3772-c7ab-4669-a533-1f65237945d4/bild.jpg</location><copyright>Hani Chalid</copyright><caption>fuesse lala</caption></asset><asset><mime>image/jpeg</mime><width>110</width><height>72</height><filesize>1986</filesize><uuid>6034003f-8a09-40b4-9d91-bafe6481192e</uuid><slot>webpreview</slot><location>http://tip.fpr1.obecon.net/6/5/5/655d1417-357a-4e74-ae70-967e7450c9a7/thumb.jpg</location><copyright>Hani Chalid</copyright><caption>fuesse lala</caption></asset>
	<asset><mime>image/jpeg</mime><width>456</width><height>135</height><filesize>17045</filesize><uuid>d2ffcc11-b267-4771-b7d9-802bfd79b628</uuid><slot>webcontainer</slot><location>http://tip.fpr1.obecon.net/d/1/e/d1ee79ad-657f-451d-ab49-e0ad1085a607/bild.jpg</location><copyright>Hani Chalid</copyright><caption>schmidt_augen_klein</caption></asset><asset><mime>image/jpeg</mime><width>110</width><height>72</height><filesize>2396</filesize><uuid>d2ffcc11-b267-4771-b7d9-802bfd79b628</uuid><slot>webpreview</slot><location>http://tip.fpr1.obecon.net/5/a/9/5a965da8-ad84-4c40-9614-95d38e7f7b29/thumb.jpg</location><copyright>Hani Chalid</copyright><caption>schmidt_augen_klein</caption></asset>
	<asset><mime>image/jpeg</mime><width>110</width><height>72</height><filesize>3684</filesize><uuid>fb2dba55-7fa2-40cd-bc14-7caa312492e5</uuid><slot>webpreview</slot><location>http://tip.fpr1.obecon.net/6/c/3/6c3a4cda-99b9-459d-9a77-5c14aef4c293/thumb.jpg</location><copyright>Hani Chalid</copyright><caption>mann_goerli_lala</caption></asset><asset><mime>image/jpeg</mime><width>255</width><height>340</height><filesize>31258</filesize><uuid>fb2dba55-7fa2-40cd-bc14-7caa312492e5</uuid><slot>webcontainer</slot><location>http://tip.fpr1.obecon.net/7/2/f/72fc93d4-9d48-4c69-826a-60229fe025c1/bild.jpg</location><copyright>Hani Chalid</copyright><caption>mann_goerli_lala</caption></asset>
</Veranstaltung>
<Veranstaltung VId="948813">
	<asset><mime>image/jpeg</mime><width>456</width><height>117</height><filesize>13064</filesize><uuid>db1623b6-6414-4b8a-b3f7-926573945a75</uuid><slot>webcontainer</slot><location>http://tip.fpr1.obecon.net/1/b/5/1b5d8bd3-0099-45bb-9803-c5f6f9a317b2/bild.jpg</location><copyright>promo</copyright><caption>Logo</caption></asset><asset><mime>image/jpeg</mime><width>110</width><height>72</height><filesize>3670</filesize><uuid>db1623b6-6414-4b8a-b3f7-926573945a75</uuid><slot>webpreview</slot><location>http://tip.fpr1.obecon.net/d/c/3/dc385cc7-8bd9-46cf-9c2d-132bdde6e0c6/thumb.jpg</location><copyright>promo</copyright><caption>Logo</caption></asset>
</Veranstaltung>
<Veranstaltung VId="949402">
	<asset><mime>image/jpeg</mime><width>110</width><height>72</height><filesize>2621</filesize><uuid>b5dd0d91-c60a-4c39-aac0-11a90415de9a</uuid><slot>webpreview</slot><location>http://tip.fpr1.obecon.net/2/2/7/227dd417-e6c9-4f8e-949a-7c517b3d1fdf/thumb.jpg</location><copyright>promo</copyright><caption>10 Jahre I.S.B.A. Jubil?um in Europa</caption></asset><asset><mime>image/jpeg</mime><width>456</width><height>327</height><filesize>28896</filesize><uuid>b5dd0d91-c60a-4c39-aac0-11a90415de9a</uuid><slot>webcontainer</slot><location>http://tip.fpr1.obecon.net/c/7/e/c7ea0651-7f6a-429c-887b-72838af09624/bild.jpg</location><copyright>promo</copyright><caption>10 Jahre I.S.B.A. Jubil?um in Europa</caption></asset>
	<asset><mime>image/jpeg</mime><width>456</width><height>321</height><filesize>44875</filesize><uuid>3cd2c367-831a-4b3e-8191-5e1a93442764</uuid><slot>webcontainer</slot><location>http://tip.fpr1.obecon.net/7/7/2/772122db-f487-4e98-b684-96365f49d352/bild.jpg</location><copyright>promo</copyright><caption>Vorf?hrung traditioneller japanischer Kampfk?nste</caption></asset><asset><mime>image/jpeg</mime><width>110</width><height>72</height><filesize>3197</filesize><uuid>3cd2c367-831a-4b3e-8191-5e1a93442764</uuid><slot>webpreview</slot><location>http://tip.fpr1.obecon.net/4/d/1/4d15c755-c64b-4532-b962-5e8f589a671d/thumb.jpg</location><copyright>promo</copyright><caption>Vorf?hrung traditioneller japanischer Kampfk?nste</caption></asset>
	<asset><mime>image/jpeg</mime><width>453</width><height>340</height><filesize>57271</filesize><uuid>f95f6bdd-c9c8-4e71-bcf1-54320fe4aafe</uuid><slot>webcontainer</slot><location>http://tip.fpr1.obecon.net/f/b/1/fb14ed7c-9fed-460a-9dca-4c0da6b209cb/bild.jpg</location><copyright>promo</copyright><caption>Vorf?hrung traditioneller japanischer Kampfk?nste</caption></asset><asset><mime>image/jpeg</mime><width>110</width><height>72</height><filesize>4332</filesize><uuid>f95f6bdd-c9c8-4e71-bcf1-54320fe4aafe</uuid><slot>webpreview</slot><location>http://tip.fpr1.obecon.net/8/5/4/85479a01-a1c1-4aa4-8462-663c6a94ceb8/thumb.jpg</location><copyright>promo</copyright><caption>Vorf?hrung traditioneller japanischer Kampfk?nste</caption></asset>
	<asset><mime>application/pdf</mime><width>1</width><height>1</height><filesize>648642</filesize><uuid>3db60dda-c21a-44b2-af8d-3acfe578a601</uuid><slot>pdf</slot><location>http://tip.fpr1.obecon.net/a/c/e/ace4d262-f619-41fa-b38e-c96a211f188f/download.pdf</location><caption>Vorf?hrung traditioneller japanischer Kampfk?nste - Text</caption></asset><asset><mime>image/jpeg</mime><width>110</width><height>72</height><filesize>2845</filesize><uuid>3db60dda-c21a-44b2-af8d-3acfe578a601</uuid><slot>pdfpreview</slot><location>http://tip.fpr1.obecon.net/9/b/7/9b783c26-7a38-4548-9478-21dde6329775/preview.jpg</location><caption>Vorf?hrung traditioneller japanischer Kampfk?nste - Text</caption></asset>
	<asset><mime>application/pdf</mime><width>1</width><height>1</height><filesize>621988</filesize><uuid>2e155453-0f89-4739-a5a8-5cead14735a7</uuid><slot>pdf</slot><location>http://tip.fpr1.obecon.net/9/1/6/9166095f-5313-466a-a182-3c8f7f2844b6/download.pdf</location><caption>Vorf?hrung traditioneller japanischer Kampfk?nste - Text</caption></asset><asset><mime>image/jpeg</mime><width>110</width><height>72</height><filesize>2706</filesize><uuid>2e155453-0f89-4739-a5a8-5cead14735a7</uuid><slot>pdfpreview</slot><location>http://tip.fpr1.obecon.net/0/f/b/0fbe3302-8839-47fd-9ee2-8452e1927aed/preview.jpg</location><caption>Vorf?hrung traditioneller japanischer Kampfk?nste - Text</caption></asset>
</Veranstaltung>
<Veranstaltung VId="949475">
	<asset><mime>image/jpeg</mime><width>255</width><height>340</height><filesize>17609</filesize><uuid>68e04cd6-519d-4f25-a1b7-dc4629045bd1</uuid><slot>webcontainer</slot><location>http://tip.fpr1.obecon.net/e/a/e/eae36a49-7eec-4567-a03c-aa94ab8dcf99/bild.jpg</location><copyright>Sabine Hansen</copyright><caption>BerlinmitKindern_Nikolai</caption></asset><asset><mime>image/jpeg</mime><width>110</width><height>72</height><filesize>2125</filesize><uuid>68e04cd6-519d-4f25-a1b7-dc4629045bd1</uuid><slot>webpreview</slot><location>http://tip.fpr1.obecon.net/e/9/d/e9d9f52c-a2f8-4b76-984e-8394302c3578/thumb.jpg</location><copyright>Sabine Hansen</copyright><caption>BerlinmitKindern_Nikolai</caption></asset>
	<asset><mime>image/jpeg</mime><width>445</width><height>340</height><filesize>43880</filesize><uuid>6bddcba1-4be8-4574-b18f-36bc3a5bde0b</uuid><slot>webcontainer</slot><location>http://tip.fpr1.obecon.net/c/f/5/cf5569f7-8408-44f8-bb23-d3f92124615d/bild.jpg</location><copyright>Sabine Hansen</copyright><caption>BerlinmitKindern_Nikolai3</caption></asset><asset><mime>image/jpeg</mime><width>110</width><height>72</height><filesize>4763</filesize><uuid>6bddcba1-4be8-4574-b18f-36bc3a5bde0b</uuid><slot>webpreview</slot><location>http://tip.fpr1.obecon.net/1/7/1/1718a40a-b0c0-4bd3-8b93-7b96a3605133/thumb.jpg</location><copyright>Sabine Hansen</copyright><caption>BerlinmitKindern_Nikolai3</caption></asset>
	<asset><mime>image/jpeg</mime><width>255</width><height>340</height><filesize>25769</filesize><uuid>0510a810-2e66-4045-96b6-40d04d9ea629</uuid><slot>webcontainer</slot><location>http://tip.fpr1.obecon.net/5/4/b/54bf618a-27f0-4ad4-8f61-3cd39d75ac84/bild.jpg</location><copyright>Sabine Hansen</copyright><caption>BerlinmitKindern_Nikolai4</caption></asset><asset><mime>image/jpeg</mime><width>110</width><height>72</height><filesize>2956</filesize><uuid>0510a810-2e66-4045-96b6-40d04d9ea629</uuid><slot>webpreview</slot><location>http://tip.fpr1.obecon.net/e/b/4/eb419446-2c9b-4c62-b1b6-d7a0362dd313/thumb.jpg</location><copyright>Sabine Hansen</copyright><caption>BerlinmitKindern_Nikolai4</caption></asset>
	<asset><mime>image/jpeg</mime><width>452</width><height>340</height><filesize>17088</filesize><uuid>05cd2a10-e35b-4e76-9fc1-64b43548169c</uuid><slot>webcontainer</slot><location>http://tip.fpr1.obecon.net/c/e/1/ce1fa47c-1baa-4c67-9617-ae37f31a9df1/bild.jpg</location><copyright>Sabine Hansen</copyright><caption>BerlinmitKindern_logo</caption></asset><asset><mime>image/jpeg</mime><width>110</width><height>72</height><filesize>3044</filesize><uuid>05cd2a10-e35b-4e76-9fc1-64b43548169c</uuid><slot>webpreview</slot><location>http://tip.fpr1.obecon.net/e/b/b/ebba16d2-cd27-4655-9afc-f916fe51e069/thumb.jpg</location><copyright>Sabine Hansen</copyright><caption>BerlinmitKindern_logo</caption></asset>
	<asset><mime>application/pdf</mime><width>1</width><height>1</height><filesize>43456</filesize><uuid>4945b71c-0bd3-4033-8f9e-726a3ea004f3</uuid><slot>pdf</slot><location>http://tip.fpr1.obecon.net/8/f/6/8f681f38-2aa4-45e4-bf10-8afb1d8bd38f/download.pdf</location><caption>KinderfuehrungNikolaiviertel</caption></asset><asset><mime>image/jpeg</mime><width>110</width><height>72</height><filesize>1737</filesize><uuid>4945b71c-0bd3-4033-8f9e-726a3ea004f3</uuid><slot>pdfpreview</slot><location>http://tip.fpr1.obecon.net/f/e/f/fef45ed2-d2bb-4838-8dd3-f0391baaa839/preview.jpg</location><caption>KinderfuehrungNikolaiviertel</caption></asset>
</Veranstaltung>
<Veranstaltung VId="949476">
	<asset><mime>image/jpeg</mime><width>452</width><height>340</height><filesize>37301</filesize><uuid>5a93554e-0b1f-44ad-a1e4-1f3bab6b3d8d</uuid><slot>webcontainer</slot><location>http://tip.fpr1.obecon.net/5/5/1/551c85c5-b254-40f8-8406-296368ec697c/bild.jpg</location><copyright>Sabine Hansen</copyright><caption>BerlinmitKindern_Checkpoint3</caption></asset><asset><mime>image/jpeg</mime><width>110</width><height>72</height><filesize>4264</filesize><uuid>5a93554e-0b1f-44ad-a1e4-1f3bab6b3d8d</uuid><slot>webpreview</slot><location>http://tip.fpr1.obecon.net/6/a/6/6a652ae0-0da5-4400-aa34-b1bbe5803812/thumb.jpg</location><copyright>Sabine Hansen</copyright><caption>BerlinmitKindern_Checkpoint3</caption></asset>
	<asset><mime>application/pdf</mime><width>1</width><height>1</height><filesize>43228</filesize><uuid>40bd2ef3-f44f-4e6a-91ef-a3d1a85ede77</uuid><slot>pdf</slot><location>http://tip.fpr1.obecon.net/3/a/0/3a0014ff-2328-4411-8e85-e04aef2f5b96/download.pdf</location><caption>KinderfuehrungCheckpointCharlie</caption></asset><asset><mime>image/jpeg</mime><width>110</width><height>72</height><filesize>1861</filesize><uuid>40bd2ef3-f44f-4e6a-91ef-a3d1a85ede77</uuid><slot>pdfpreview</slot><location>http://tip.fpr1.obecon.net/f/d/9/fd977256-7bc6-4685-bb87-2bb15916e366/preview.jpg</location><caption>KinderfuehrungCheckpointCharlie</caption></asset>
	<asset><mime>image/jpeg</mime><width>110</width><height>72</height><filesize>3557</filesize><uuid>da112878-af5b-4701-9d6f-b0655cf90899</uuid><slot>webpreview</slot><location>http://tip.fpr1.obecon.net/5/d/9/5d917f48-fe42-4339-8221-d91b9872dbee/thumb.jpg</location></asset><asset><mime>image/jpeg</mime><width>454</width><height>340</height><filesize>35445</filesize><uuid>da112878-af5b-4701-9d6f-b0655cf90899</uuid><slot>webcontainer</slot><location>http://tip.fpr1.obecon.net/7/1/3/713f0321-4d61-4ec7-84de-295236a569e6/bild.jpg</location></asset>
	<asset><mime>image/jpeg</mime><width>110</width><height>72</height><filesize>3044</filesize><uuid>e7b5b464-2302-4bdf-b17d-90c2bd0d6022</uuid><slot>webpreview</slot><location>http://tip.fpr1.obecon.net/8/c/f/8cf41a8d-b5e6-47a1-a656-f46045334901/thumb.jpg</location><copyright>Sabine Hansen</copyright><caption>BerlinmitKindern_logo</caption></asset><asset><mime>image/jpeg</mime><width>452</width><height>340</height><filesize>17088</filesize><uuid>e7b5b464-2302-4bdf-b17d-90c2bd0d6022</uuid><slot>webcontainer</slot><location>http://tip.fpr1.obecon.net/7/0/7/707ed1a9-728c-48a8-b93e-e684680e59dc/bild.jpg</location><copyright>Sabine Hansen</copyright><caption>BerlinmitKindern_logo</caption></asset>
	<asset><mime>image/jpeg</mime><width>255</width><height>340</height><filesize>27198</filesize><uuid>92d4d559-dee4-4e1a-b917-8b775a1ad177</uuid><slot>webcontainer</slot><location>http://tip.fpr1.obecon.net/c/b/b/cbb15dbd-23cf-4917-9af8-fec604ef906d/bild.jpg</location><copyright>Sabine Hansen</copyright><caption>BerlinmitKindern_Checkpoint1</caption></asset><asset><mime>image/jpeg</mime><width>110</width><height>72</height><filesize>3614</filesize><uuid>92d4d559-dee4-4e1a-b917-8b775a1ad177</uuid><slot>webpreview</slot><location>http://tip.fpr1.obecon.net/9/3/e/93ede711-08e3-41bf-b69f-9720c9fbdff3/thumb.jpg</location><copyright>Sabine Hansen</copyright><caption>BerlinmitKindern_Checkpoint1</caption></asset>
</Veranstaltung>
<Veranstaltung VId="949477">
	<asset><mime>image/jpeg</mime><width>110</width><height>72</height><filesize>3614</filesize><uuid>a0e815a8-153f-4d05-945a-a370ac597586</uuid><slot>webpreview</slot><location>http://tip.fpr1.obecon.net/1/b/5/1b505a7b-8d1d-4681-b3dc-91370b9ea572/thumb.jpg</location><copyright>Sabine Hansen</copyright><caption>BerlinmitKindern_Checkpoint1</caption></asset><asset><mime>image/jpeg</mime><width>255</width><height>340</height><filesize>27198</filesize><uuid>a0e815a8-153f-4d05-945a-a370ac597586</uuid><slot>webcontainer</slot><location>http://tip.fpr1.obecon.net/e/0/4/e049d6c7-1c71-4aca-9a94-9b350df10a9e/bild.jpg</location><copyright>Sabine Hansen</copyright><caption>BerlinmitKindern_Checkpoint1</caption></asset>
	<asset><mime>image/jpeg</mime><width>454</width><height>340</height><filesize>35445</filesize><uuid>bbf1a40a-5a81-4aa0-8a8e-f2ce96b19277</uuid><slot>webcontainer</slot><location>http://tip.fpr1.obecon.net/0/f/d/0fd06bfb-a89a-41b2-ab39-ca561c63e52b/bild.jpg</location><copyright>Sabine Hansen</copyright><caption>BerlinmitKindern_Checkpoint2</caption></asset><asset><mime>image/jpeg</mime><width>110</width><height>72</height><filesize>3557</filesize><uuid>bbf1a40a-5a81-4aa0-8a8e-f2ce96b19277</uuid><slot>webpreview</slot><location>http://tip.fpr1.obecon.net/5/b/0/5b023e8e-48b0-41ee-9123-7a5eec0e1d63/thumb.jpg</location><copyright>Sabine Hansen</copyright><caption>BerlinmitKindern_Checkpoint2</caption></asset>
	<asset><mime>image/jpeg</mime><width>110</width><height>72</height><filesize>4264</filesize><uuid>fcec28e6-e7f6-402c-a752-6a1fae2f9af1</uuid><slot>webpreview</slot><location>http://tip.fpr1.obecon.net/a/e/8/ae875f88-aa32-448d-b566-be6351ef1b9b/thumb.jpg</location><copyright>Sabine Hansen</copyright><caption>BerlinmitKindern_Checkpoint3</caption></asset><asset><mime>image/jpeg</mime><width>452</width><height>340</height><filesize>37301</filesize><uuid>fcec28e6-e7f6-402c-a752-6a1fae2f9af1</uuid><slot>webcontainer</slot><location>http://tip.fpr1.obecon.net/a/d/3/ad35a72c-31e4-4744-a92d-22927e3bb7b5/bild.jpg</location><copyright>Sabine Hansen</copyright><caption>BerlinmitKindern_Checkpoint3</caption></asset>
	<asset><mime>image/jpeg</mime><width>452</width><height>340</height><filesize>17088</filesize><uuid>d672c892-cfcb-444c-82a2-3b44ce74a6ed</uuid><slot>webcontainer</slot><location>http://tip.fpr1.obecon.net/6/3/6/636c57e8-8835-4dd7-bb7b-215363bfd164/bild.jpg</location><copyright>Sabine Hansen</copyright><caption>BerlinmitKindern_logo</caption></asset><asset><mime>image/jpeg</mime><width>110</width><height>72</height><filesize>3044</filesize><uuid>d672c892-cfcb-444c-82a2-3b44ce74a6ed</uuid><slot>webpreview</slot><location>http://tip.fpr1.obecon.net/a/6/e/a6ef8d56-0905-4ebb-b1bd-0f58be713e40/thumb.jpg</location><copyright>Sabine Hansen</copyright><caption>BerlinmitKindern_logo</caption></asset>
	<asset><mime>application/pdf</mime><width>1</width><height>1</height><filesize>43228</filesize><uuid>ccb097df-3737-4b62-8a09-d44ed2f4fb1e</uuid><slot>pdf</slot><location>http://tip.fpr1.obecon.net/c/0/d/c0d8c8af-4dc0-436a-be77-0a700f550769/download.pdf</location><caption>KinderfuehrungCheckpointCharlie</caption></asset><asset><mime>image/jpeg</mime><width>110</width><height>72</height><filesize>1861</filesize><uuid>ccb097df-3737-4b62-8a09-d44ed2f4fb1e</uuid><slot>pdfpreview</slot><location>http://tip.fpr1.obecon.net/d/8/0/d808459d-5cd8-45ed-bb42-06dc668bb98d/preview.jpg</location><caption>KinderfuehrungCheckpointCharlie</caption></asset>
</Veranstaltung>
<Veranstaltung VId="949513">
	<asset><mime>image/jpeg</mime><width>454</width><height>340</height><filesize>35854</filesize><uuid>0b60c916-71fa-48b5-b577-44c0bfda890d</uuid><slot>webcontainer</slot><location>http://tip.fpr1.obecon.net/b/b/1/bb10d51e-dd7b-4925-8d89-d60f2ee95ad4/bild.jpg</location><copyright>Copyright exp12 / Eva Brunner / Gian Paolo Minelli</copyright><caption>The Flood Wall Slide-Show vor und in der Galerie exp12</caption></asset><asset><mime>image/jpeg</mime><width>110</width><height>72</height><filesize>2881</filesize><uuid>0b60c916-71fa-48b5-b577-44c0bfda890d</uuid><slot>webpreview</slot><location>http://tip.fpr1.obecon.net/0/a/f/0affa8e9-05ea-429a-b86d-5f28d1eed3ec/thumb.jpg</location><copyright>Copyright exp12 / Eva Brunner / Gian Paolo Minelli</copyright><caption>The Flood Wall Slide-Show vor und in der Galerie exp12</caption></asset>
</Veranstaltung>
<Veranstaltung VId="949538">
	<asset><mime>image/jpeg</mime><width>226</width><height>340</height><filesize>19171</filesize><uuid>131a35f0-e708-43ff-8c8e-96d551bd8042</uuid><slot>webcontainer</slot><location>http://tip.fpr1.obecon.net/0/1/a/01aff5ea-1270-471a-b296-35f1cf69b584/bild.jpg</location><copyright>promo</copyright><caption>Ebru Kiranci</caption></asset><asset><mime>image/jpeg</mime><width>110</width><height>72</height><filesize>3143</filesize><uuid>131a35f0-e708-43ff-8c8e-96d551bd8042</uuid><slot>webpreview</slot><location>http://tip.fpr1.obecon.net/2/8/9/2890a08a-dd2a-4eed-96bb-00837bdf446e/thumb.jpg</location><copyright>promo</copyright><caption>Ebru Kiranci</caption></asset>
	<asset><mime>application/pdf</mime><width>1</width><height>1</height><filesize>21143</filesize><uuid>c564cdff-583a-4032-8e5b-e149ddc3f998</uuid><slot>pdf</slot><location>http://tip.fpr1.obecon.net/4/e/d/4edeb657-d5ef-457d-82c8-564157ef642b/download.pdf</location><caption>Amnesty International-Veranstaltung</caption></asset><asset><mime>image/jpeg</mime><width>110</width><height>72</height><filesize>2059</filesize><uuid>c564cdff-583a-4032-8e5b-e149ddc3f998</uuid><slot>pdfpreview</slot><location>http://tip.fpr1.obecon.net/0/2/a/02ab41d7-6ce4-4b13-83b5-dea8f77c993d/preview.jpg</location><caption>Amnesty International-Veranstaltung</caption></asset>
</Veranstaltung>
<Veranstaltung VId="949567">
	<asset><mime>image/jpeg</mime><width>110</width><height>72</height><filesize>4055</filesize><uuid>e3787ff0-335b-4963-ac80-9df826ed4865</uuid><slot>webpreview</slot><location>http://tip.fpr1.obecon.net/8/0/1/80163c61-e80d-4193-9d34-c4dd4dc48417/thumb.jpg</location><copyright>Copyright Frank H?hne und Gestalten</copyright><caption>FrankHohne_Bockumenta1_GestaltenSpace</caption></asset><asset><mime>image/jpeg</mime><width>456</width><height>321</height><filesize>44522</filesize><uuid>e3787ff0-335b-4963-ac80-9df826ed4865</uuid><slot>webcontainer</slot><location>http://tip.fpr1.obecon.net/8/5/4/85435e67-02c0-429f-b5bb-3f7dc61fce51/bild.jpg</location><copyright>Copyright Frank H?hne und Gestalten</copyright><caption>FrankHohne_Bockumenta1_GestaltenSpace</caption></asset>
</Veranstaltung>
<Veranstaltung VId="949723">
	<asset><mime>image/jpeg</mime><width>453</width><height>340</height><filesize>64806</filesize><uuid>24fe4121-20e7-44a2-b797-f57bb0ff1bc4</uuid><slot>webcontainer</slot><location>http://tip.fpr1.obecon.net/7/3/0/730b7ba9-2ce4-4b16-abce-bd8b5ad9f9af/bild.jpg</location><copyright>promo</copyright><caption>Festival des Sports</caption></asset><asset><mime>image/jpeg</mime><width>110</width><height>72</height><filesize>5045</filesize><uuid>24fe4121-20e7-44a2-b797-f57bb0ff1bc4</uuid><slot>webpreview</slot><location>http://tip.fpr1.obecon.net/6/3/1/631e79b0-26cf-4fe8-8388-4ef75a813e6f/thumb.jpg</location><copyright>promo</copyright><caption>Festival des Sports</caption></asset>
	<asset><mime>image/jpeg</mime><width>456</width><height>257</height><filesize>59699</filesize><uuid>4b69e720-66f5-406a-b193-2d526b000292</uuid><slot>webcontainer</slot><location>http://tip.fpr1.obecon.net/5/3/d/53db8cfa-5b1b-4f44-8048-865b9d88202a/bild.jpg</location><copyright>promo</copyright><caption>Festival des Sports</caption></asset><asset><mime>image/jpeg</mime><width>110</width><height>72</height><filesize>6064</filesize><uuid>4b69e720-66f5-406a-b193-2d526b000292</uuid><slot>webpreview</slot><location>http://tip.fpr1.obecon.net/f/e/7/fe7d39fd-afba-4f97-acd8-a7de0b7ac35b/thumb.jpg</location><copyright>promo</copyright><caption>Festival des Sports</caption></asset>
	<asset><mime>image/jpeg</mime><width>453</width><height>340</height><filesize>65682</filesize><uuid>88d7c9da-c697-4660-8c45-07e5f5922dbd</uuid><slot>webcontainer</slot><location>http://tip.fpr1.obecon.net/f/c/a/fcad14ef-66f1-4d72-bbd4-85cab29a17cf/bild.jpg</location><copyright>promo</copyright><caption>Festival des Sports</caption></asset><asset><mime>image/jpeg</mime><width>110</width><height>72</height><filesize>5316</filesize><uuid>88d7c9da-c697-4660-8c45-07e5f5922dbd</uuid><slot>webpreview</slot><location>http://tip.fpr1.obecon.net/3/1/c/31c4a3f3-dc82-4c00-a7b1-f0c730e26d69/thumb.jpg</location><copyright>promo</copyright><caption>Festival des Sports</caption></asset>
	<asset><mime>application/pdf</mime><width>1</width><height>1</height><filesize>21021</filesize><uuid>287dec3c-632f-4202-a3e6-1c4158954de3</uuid><slot>pdf</slot><location>http://tip.fpr1.obecon.net/f/f/a/ffaa962a-f890-462b-8d63-7f60926f09b1/download.pdf</location><caption>Pressetext Festival des Sports</caption></asset><asset><mime>image/jpeg</mime><width>110</width><height>72</height><filesize>2466</filesize><uuid>287dec3c-632f-4202-a3e6-1c4158954de3</uuid><slot>pdfpreview</slot><location>http://tip.fpr1.obecon.net/b/2/e/b2e5111a-3aa2-4a33-ab37-32870c8b39df/preview.jpg</location><caption>Pressetext Festival des Sports</caption></asset>
</Veranstaltung>
<Veranstaltung VId="949728">
	<asset><mime>image/jpeg</mime><width>110</width><height>72</height><filesize>4283</filesize><uuid>fc651244-8fe7-45dd-bdf6-1c9b6e319e2e</uuid><slot>webpreview</slot><location>http://tip.fpr1.obecon.net/6/b/e/6becb08a-0320-4dc9-8197-ab7aabf6ecbe/thumb.jpg</location><copyright>Kulturring in Berlin e.V.</copyright><caption>Martha Teferra Mekonnen</caption></asset><asset><mime>image/jpeg</mime><width>222</width><height>340</height><filesize>28274</filesize><uuid>fc651244-8fe7-45dd-bdf6-1c9b6e319e2e</uuid><slot>webcontainer</slot><location>http://tip.fpr1.obecon.net/3/9/7/397eddd1-a34e-4fd4-987d-0c69e7fd424c/bild.jpg</location><copyright>Kulturring in Berlin e.V.</copyright><caption>Martha Teferra Mekonnen</caption></asset>
</Veranstaltung>
<Veranstaltung VId="949767">
	<asset><mime>image/jpeg</mime><width>241</width><height>340</height><filesize>21724</filesize><uuid>19ceab78-d0fa-41c6-bc3f-63758e4600ce</uuid><slot>webcontainer</slot><location>http://tip.fpr1.obecon.net/f/2/6/f264b3e4-fe58-46f3-afdd-7670a5f15213/bild.jpg</location><copyright>promo</copyright><caption>Fahrrad-Klassik-Markt</caption></asset><asset><mime>image/jpeg</mime><width>110</width><height>72</height><filesize>3061</filesize><uuid>19ceab78-d0fa-41c6-bc3f-63758e4600ce</uuid><slot>webpreview</slot><location>http://tip.fpr1.obecon.net/c/6/1/c61cc053-af39-4578-9ce2-15f1406c73c6/thumb.jpg</location><copyright>promo</copyright><caption>Fahrrad-Klassik-Markt</caption></asset>
	<asset><mime>image/jpeg</mime><width>453</width><height>340</height><filesize>71242</filesize><uuid>9fa6e6cb-89b7-4851-8ca3-c455f948aba3</uuid><slot>webcontainer</slot><location>http://tip.fpr1.obecon.net/7/2/b/72b78dd0-8f11-459a-9e2e-35f8ce5bd241/bild.jpg</location><copyright>promo</copyright><caption>Fahrrad-Klassik-Markt</caption></asset><asset><mime>image/jpeg</mime><width>110</width><height>72</height><filesize>4428</filesize><uuid>9fa6e6cb-89b7-4851-8ca3-c455f948aba3</uuid><slot>webpreview</slot><location>http://tip.fpr1.obecon.net/c/b/2/cb2df727-3823-44fc-9cc9-f645c242111c/thumb.jpg</location><copyright>promo</copyright><caption>Fahrrad-Klassik-Markt</caption></asset>
	<asset><mime>image/jpeg</mime><width>453</width><height>340</height><filesize>62229</filesize><uuid>60b2bba8-e41c-46dc-9a6d-8da88ffc98a8</uuid><slot>webcontainer</slot><location>http://tip.fpr1.obecon.net/5/1/f/51f071fe-1319-4320-861c-4ab81a935ef4/bild.jpg</location><copyright>promo</copyright><caption>Fahrrad-Klassik-Markt</caption></asset><asset><mime>image/jpeg</mime><width>110</width><height>72</height><filesize>4386</filesize><uuid>60b2bba8-e41c-46dc-9a6d-8da88ffc98a8</uuid><slot>webpreview</slot><location>http://tip.fpr1.obecon.net/c/1/e/c1e99c4b-fa28-4e6a-94d1-a64ed472abeb/thumb.jpg</location><copyright>promo</copyright><caption>Fahrrad-Klassik-Markt</caption></asset>
	<asset><mime>application/pdf</mime><width>1</width><height>1</height><filesize>36308</filesize><uuid>8ea6c984-faad-407a-aaf6-6599efe12b0d</uuid><slot>pdf</slot><location>http://tip.fpr1.obecon.net/7/7/c/77c72ed6-e4ec-46b0-8f6e-c90407ca06d5/download.pdf</location><caption>Fahrrad-Klassik-Markt - Pressetext</caption></asset><asset><mime>image/jpeg</mime><width>110</width><height>72</height><filesize>2171</filesize><uuid>8ea6c984-faad-407a-aaf6-6599efe12b0d</uuid><slot>pdfpreview</slot><location>http://tip.fpr1.obecon.net/d/a/9/da916886-fbdf-4e68-89e9-2fa0ee8245b2/preview.jpg</location><caption>Fahrrad-Klassik-Markt - Pressetext</caption></asset>
</Veranstaltung>
<Veranstaltung VId="949828">
	<asset><mime>image/jpeg</mime><width>227</width><height>340</height><filesize>11346</filesize><uuid>331f3d07-180a-4193-af70-1f37d223c89e</uuid><slot>webcontainer</slot><location>http://tip.fpr1.obecon.net/1/f/0/1f052337-c1ca-4783-973b-80669b06bff6/bild.jpg</location><copyright>Nadine Loes</copyright><caption>Hamed Eshrat</caption></asset><asset><mime>image/jpeg</mime><width>110</width><height>72</height><filesize>2560</filesize><uuid>331f3d07-180a-4193-af70-1f37d223c89e</uuid><slot>webpreview</slot><location>http://tip.fpr1.obecon.net/d/0/4/d047c30b-a40f-4f80-a01b-8cf9f62b774a/thumb.jpg</location><copyright>Nadine Loes</copyright><caption>Hamed Eshrat</caption></asset>
	<asset><mime>image/jpeg</mime><width>226</width><height>340</height><filesize>12351</filesize><uuid>747e4b82-0a41-4805-a037-1b58da57180a</uuid><slot>webcontainer</slot><location>http://tip.fpr1.obecon.net/0/4/c/04c78590-bc6e-4f3f-838d-fbef3f15a63e/bild.jpg</location><copyright>Ron Leshem</copyright><caption>Ron Leshem</caption></asset><asset><mime>image/jpeg</mime><width>110</width><height>72</height><filesize>2596</filesize><uuid>747e4b82-0a41-4805-a037-1b58da57180a</uuid><slot>webpreview</slot><location>http://tip.fpr1.obecon.net/7/b/8/7b8c1bc8-a54a-4eea-80a1-43915ada4049/thumb.jpg</location><copyright>Ron Leshem</copyright><caption>Ron Leshem</caption></asset>
	<asset><mime>application/pdf</mime><width>1</width><height>1</height><filesize>166557</filesize><uuid>17403628-76c6-4850-b4db-637df3c5585e</uuid><slot>pdf</slot><location>http://tip.fpr1.obecon.net/d/e/8/de8c73de-af4e-4ce8-9ee5-dd6c12367044/download.pdf</location><caption>Kultursommer Programm</caption></asset><asset><mime>image/jpeg</mime><width>110</width><height>72</height><filesize>2002</filesize><uuid>17403628-76c6-4850-b4db-637df3c5585e</uuid><slot>pdfpreview</slot><location>http://tip.fpr1.obecon.net/7/c/4/7c4feeec-d518-41fb-9df4-930aec55c376/preview.jpg</location><caption>Kultursommer Programm</caption></asset>
</Veranstaltung>
<Veranstaltung VId="949847">
	<asset><mime>application/pdf</mime><width>1</width><height>1</height><filesize>62193</filesize><uuid>e09f3556-3709-4271-b8a9-fafd1f513b8b</uuid><slot>pdf</slot><location>http://tip.fpr1.obecon.net/6/4/f/64f70d41-c81e-478f-9f08-8a01afd4e153/download.pdf</location><caption>Czerny Mail-Einladung</caption></asset><asset><mime>image/jpeg</mime><width>110</width><height>72</height><filesize>2022</filesize><uuid>e09f3556-3709-4271-b8a9-fafd1f513b8b</uuid><slot>pdfpreview</slot><location>http://tip.fpr1.obecon.net/8/f/9/8f929881-b61e-4e59-a2dd-2ef9c28a5969/preview.jpg</location><caption>Czerny Mail-Einladung</caption></asset>
</Veranstaltung>
<Veranstaltung VId="949880">
	<asset><mime>application/pdf</mime><width>1</width><height>1</height><filesize>2736942</filesize><uuid>571b8250-1183-4857-b5b1-14c50257615d</uuid><slot>pdf</slot><location>http://tip.fpr1.obecon.net/b/d/b/bdbb9e44-84a4-49f8-9588-b39cdffec515/download.pdf</location><caption>Flyer-Things-that-Stink</caption></asset><asset><mime>image/jpeg</mime><width>110</width><height>72</height><filesize>2741</filesize><uuid>571b8250-1183-4857-b5b1-14c50257615d</uuid><slot>pdfpreview</slot><location>http://tip.fpr1.obecon.net/b/3/3/b332d48e-6021-4641-a1d1-908be06a474c/preview.jpg</location><caption>Flyer-Things-that-Stink</caption></asset>
	<asset><mime>application/pdf</mime><width>1</width><height>1</height><filesize>5847568</filesize><uuid>441058f4-4fe6-4329-b8f9-b5c42fd5f892</uuid><slot>pdf</slot><location>http://tip.fpr1.obecon.net/f/4/2/f42d1fd1-95df-4e67-8265-1996bf7226b3/download.pdf</location><caption>Things-That-Stink-Pressemitteilung-07-2012</caption></asset><asset><mime>image/jpeg</mime><width>110</width><height>72</height><filesize>2125</filesize><uuid>441058f4-4fe6-4329-b8f9-b5c42fd5f892</uuid><slot>pdfpreview</slot><location>http://tip.fpr1.obecon.net/6/e/6/6e655aa4-1613-41c1-9aa0-4de2749e32fc/preview.jpg</location><caption>Things-That-Stink-Pressemitteilung-07-2012</caption></asset>
</Veranstaltung>
<Veranstaltung VId="949886">
	<asset><mime>image/jpeg</mime><width>456</width><height>305</height><filesize>12648</filesize><uuid>259f95b8-9356-4e55-b0bf-36897dd0d39c</uuid><slot>webcontainer</slot><location>http://tip.fpr1.obecon.net/0/9/7/097ce2b2-43c9-442b-aefe-a446daaf91b6/bild.jpg</location><copyright>Promo</copyright><caption>Graffity 2011 37 x 39 cm Massimo Micheluzzi</caption></asset><asset><mime>image/jpeg</mime><width>110</width><height>72</height><filesize>1765</filesize><uuid>259f95b8-9356-4e55-b0bf-36897dd0d39c</uuid><slot>webpreview</slot><location>http://tip.fpr1.obecon.net/3/9/b/39b38efc-aa67-4c32-b3a5-c35de8cd4184/thumb.jpg</location><copyright>Promo</copyright><caption>Graffity 2011 37 x 39 cm Massimo Micheluzzi</caption></asset>
	<asset><mime>application/pdf</mime><width>1</width><height>1</height><filesize>710165</filesize><uuid>65494ec0-e33b-424f-92fd-b1f25d091aa7</uuid><slot>pdf</slot><location>http://tip.fpr1.obecon.net/f/3/e/f3e9b459-6750-402e-ac3f-14f8de35c34a/download.pdf</location><caption>PM Mock Room  Brutto Gusto2</caption></asset><asset><mime>image/jpeg</mime><width>110</width><height>72</height><filesize>2468</filesize><uuid>65494ec0-e33b-424f-92fd-b1f25d091aa7</uuid><slot>pdfpreview</slot><location>http://tip.fpr1.obecon.net/8/6/6/86609a48-98f9-4190-9ce5-43a7da1c1489/preview.jpg</location><caption>PM Mock Room  Brutto Gusto2</caption></asset>
	<asset><mime>image/jpeg</mime><width>235</width><height>340</height><filesize>17277</filesize><uuid>af9bc646-3e02-4c89-b40f-89176f06a2cb</uuid><slot>webcontainer</slot><location>http://tip.fpr1.obecon.net/f/1/6/f163fe05-7042-42fb-8d71-6dcb45ec09d4/bild.jpg</location><copyright>Promo</copyright><caption>Tempesto  2011 Ritsue Mishima</caption></asset><asset><mime>image/jpeg</mime><width>110</width><height>72</height><filesize>2350</filesize><uuid>af9bc646-3e02-4c89-b40f-89176f06a2cb</uuid><slot>webpreview</slot><location>http://tip.fpr1.obecon.net/d/a/a/daa7393c-dd29-41d8-a4e8-46b007c1e0de/thumb.jpg</location><copyright>Promo</copyright><caption>Tempesto  2011 Ritsue Mishima</caption></asset>
</Veranstaltung>
<Veranstaltung VId="949926">
	<asset><mime>image/jpeg</mime><width>456</width><height>285</height><filesize>21347</filesize><uuid>e3af9403-25ff-467a-82d3-553ad71a6cab</uuid><slot>webcontainer</slot><location>http://tip.fpr1.obecon.net/b/4/f/b4fe0203-62f7-432d-b435-c9de40a683b2/bild.jpg</location><copyright>Koreanisches Kulturzentrum</copyright><caption>2012-08-10_Ausstellung_LeeBeiKyung_Bild1</caption></asset><asset><mime>image/jpeg</mime><width>110</width><height>72</height><filesize>2798</filesize><uuid>e3af9403-25ff-467a-82d3-553ad71a6cab</uuid><slot>webpreview</slot><location>http://tip.fpr1.obecon.net/9/3/2/932ef7e8-444d-4aa5-9918-5dab64d6efc9/thumb.jpg</location><copyright>Koreanisches Kulturzentrum</copyright><caption>2012-08-10_Ausstellung_LeeBeiKyung_Bild1</caption></asset>
	<asset><mime>image/jpeg</mime><width>456</width><height>285</height><filesize>25647</filesize><uuid>2c85c5f8-1b95-4937-80ee-709bb04aeb04</uuid><slot>webcontainer</slot><location>http://tip.fpr1.obecon.net/0/b/c/0bccddb5-8fdf-42be-8143-7f807016c5f2/bild.jpg</location><copyright>Koreanisches Kulturzentrum</copyright><caption>2012-08-10_Ausstellung_LeeBeiKyung_Bild2</caption></asset><asset><mime>image/jpeg</mime><width>110</width><height>72</height><filesize>2833</filesize><uuid>2c85c5f8-1b95-4937-80ee-709bb04aeb04</uuid><slot>webpreview</slot><location>http://tip.fpr1.obecon.net/4/6/1/461344f0-45f5-4ae3-994e-0bf5edf0964b/thumb.jpg</location><copyright>Koreanisches Kulturzentrum</copyright><caption>2012-08-10_Ausstellung_LeeBeiKyung_Bild2</caption></asset>
	<asset><mime>image/jpeg</mime><width>110</width><height>72</height><filesize>2171</filesize><uuid>bdba89b9-1431-4d89-b2a2-3c8256ff912f</uuid><slot>pdfpreview</slot><location>http://tip.fpr1.obecon.net/1/e/d/1ed82f9b-e6b0-4024-91a3-7fbf0e695992/preview.jpg</location><caption>2012-08-10_Ausstellung_LeeBeiKyung_Pressemitteilung</caption></asset><asset><mime>application/pdf</mime><width>1</width><height>1</height><filesize>650322</filesize><uuid>bdba89b9-1431-4d89-b2a2-3c8256ff912f</uuid><slot>pdf</slot><location>http://tip.fpr1.obecon.net/c/0/7/c07ba97d-d9b7-4ea2-8b45-2aa038517845/download.pdf</location><caption>2012-08-10_Ausstellung_LeeBeiKyung_Pressemitteilung</caption></asset>
</Veranstaltung>
</EventXFilePool>
