<?xml version='1.0' encoding='UTF-8'?>
<EventXFilePool xmlns="http://obecon.net/schema/EventXFilepool-1.0">
<Veranstaltung VId="949723">
	<asset><mime>image/jpeg</mime><width>453</width><height>340</height><filesize>64806</filesize><uuid>24fe4121-20e7-44a2-b797-f57bb0ff1bc4</uuid><slot>webcontainer</slot><location>http://tip.fpr1.obecon.net/7/3/0/730b7ba9-2ce4-4b16-abce-bd8b5ad9f9af/bild.jpg</location><copyright>promo</copyright><caption>Festival des Sports</caption></asset><asset><mime>image/jpeg</mime><width>110</width><height>72</height><filesize>5045</filesize><uuid>24fe4121-20e7-44a2-b797-f57bb0ff1bc4</uuid><slot>webpreview</slot><location>http://tip.fpr1.obecon.net/6/3/1/631e79b0-26cf-4fe8-8388-4ef75a813e6f/thumb.jpg</location><copyright>promo</copyright><caption>Festival des Sports</caption></asset>
	<asset><mime>image/jpeg</mime><width>456</width><height>257</height><filesize>59699</filesize><uuid>4b69e720-66f5-406a-b193-2d526b000292</uuid><slot>webcontainer</slot><location>http://tip.fpr1.obecon.net/5/3/d/53db8cfa-5b1b-4f44-8048-865b9d88202a/bild.jpg</location><copyright>promo</copyright><caption>Festival des Sports</caption></asset><asset><mime>image/jpeg</mime><width>110</width><height>72</height><filesize>6064</filesize><uuid>4b69e720-66f5-406a-b193-2d526b000292</uuid><slot>webpreview</slot><location>http://tip.fpr1.obecon.net/f/e/7/fe7d39fd-afba-4f97-acd8-a7de0b7ac35b/thumb.jpg</location><copyright>promo</copyright><caption>Festival des Sports</caption></asset>
	<asset><mime>image/jpeg</mime><width>453</width><height>340</height><filesize>65682</filesize><uuid>88d7c9da-c697-4660-8c45-07e5f5922dbd</uuid><slot>webcontainer</slot><location>http://tip.fpr1.obecon.net/f/c/a/fcad14ef-66f1-4d72-bbd4-85cab29a17cf/bild.jpg</location><copyright>promo</copyright><caption>Festival des Sports</caption></asset><asset><mime>image/jpeg</mime><width>110</width><height>72</height><filesize>5316</filesize><uuid>88d7c9da-c697-4660-8c45-07e5f5922dbd</uuid><slot>webpreview</slot><location>http://tip.fpr1.obecon.net/3/1/c/31c4a3f3-dc82-4c00-a7b1-f0c730e26d69/thumb.jpg</location><copyright>promo</copyright><caption>Festival des Sports</caption></asset>
	<asset><mime>application/pdf</mime><width>1</width><height>1</height><filesize>21021</filesize><uuid>287dec3c-632f-4202-a3e6-1c4158954de3</uuid><slot>pdf</slot><location>http://tip.fpr1.obecon.net/f/f/a/ffaa962a-f890-462b-8d63-7f60926f09b1/download.pdf</location><caption>Pressetext Festival des Sports</caption></asset><asset><mime>image/jpeg</mime><width>110</width><height>72</height><filesize>2466</filesize><uuid>287dec3c-632f-4202-a3e6-1c4158954de3</uuid><slot>pdfpreview</slot><location>http://tip.fpr1.obecon.net/b/2/e/b2e5111a-3aa2-4a33-ab37-32870c8b39df/preview.jpg</location><caption>Pressetext Festival des Sports</caption></asset>
</Veranstaltung>
</EventXFilePool>
